계약번호,구분,계약명,계약일,금액,수요기관,학교명,학교코드,급별,시도,상세URL
2024070002100,물품,영주고등학교 실습 기자재 CAM프로그램 및 응용소프트웨어 구입,2024-07-02,65340000,경상북도교육청 영주고등학교,영주고등학교,9290089,고등학교,제주특별자치도,https://www.g2b.go.kr/link/FIUA027_01/single/?ctrtNo=20240700402_1&ctrtChgOrd=00&prcmBsneSeCd=조070001&srchName=ctrtCrst&openUrl=Y
2024070004170,물품,경기물류고등학교 MS프로그램 연간 라이선스 구입 계약,2024-07-01,5101780,경기도교육청 경기물류고등학교,경기물류고등학교,7530945,고등학교,경기도,https://www.g2b.go.kr/link/FIUA027_01/single/?ctrtNo=202407008A9_1&ctrtChgOrd=00&prcmBsneSeCd=조070001&srchName=ctrtCrst&openUrl=Y
2024070004839,물품,2024학년도 AI 원서 동화 읽기 온라인 프로그램(텐스토리) 구입 계약,2024-07-01,1700000,대구광역시남부교육청 대구용전초등학교,대구용전초등학교,7271096,초등학교,대구광역시,https://www.g2b.go.kr/link/FIUA027_01/single/?ctrtNo=202407009F2_1&ctrtChgOrd=00&prcmBsneSeCd=조070001&srchName=ctrtCrst&openUrl=Y
2024070005347,물품,평택여자고등학교 MS Office 소프트웨어(MS OVS-ES) 연간 라이선스 구입 계약,2024-07-02,4620000,경기도교육청 평택여자고등학교,평택여자고등학교,7530578,고등학교,경기도,https://www.g2b.go.kr/link/FIUA027_01/single/?ctrtNo=20240700B31_1&ctrtChgOrd=00&prcmBsneSeCd=조070001&srchName=ctrtCrst&openUrl=Y
2024070005590,물품,전문교과교구및기자재지원관련 소프트웨어 라이센스 구입 건,2024-07-01,7680000,경기도교육청 안산디자인문화고등학교,안산디자인문화고등학교,7530991,고등학교,경기도,https://www.g2b.go.kr/link/FIUA027_01/single/?ctrtNo=20240700BC6_1&ctrtChgOrd=00&prcmBsneSeCd=조070001&srchName=ctrtCrst&openUrl=Y
2024070024822,물품,동탄중학교 인공지능과 미래사회 정보교과 수업재료 구입,2024-07-02,4257000,경기도화성교육청 동탄중학교,동탄중학교,7679105,중학교,경기도,https://www.g2b.go.kr/link/FIUA027_01/single/?ctrtNo=20240701874_1&ctrtChgOrd=00&prcmBsneSeCd=조070001&srchName=ctrtCrst&openUrl=Y
2024070024921,물품,2024년 정품소프트웨어(MS제품군) 1년 사용 계약,2024-07-02,6545000,경기도교육청 성남테크노과학고등학교,성남테크노과학고등학교,7531256,고등학교,경기도,https://www.g2b.go.kr/link/FIUA027_01/single/?ctrtNo=202407018AE_1&ctrtChgOrd=00&prcmBsneSeCd=조070001&srchName=ctrtCrst&openUrl=Y
2024070045646,물품,AI코스웨어 및 에듀테크 구입,2024-07-03,34765100,인천광역시교육청 인평자동차고등학교,인평자동차고등학교,7310479,고등학교,인천광역시,https://www.g2b.go.kr/link/FIUA027_01/single/?ctrtNo=202407022A1_1&ctrtChgOrd=00&prcmBsneSeCd=조070001&srchName=ctrtCrst&openUrl=Y
2024070046157,물품,2024년 일동고등학교 직업계학과 실험실습기자재(응용소프트웨어 MS OVS-ES) 구매 계약,2024-07-03,4042500,경기도교육청 일동고등학교,일동고등학교,7530790,고등학교,경기도,https://www.g2b.go.kr/link/FIUA027_01/single/?ctrtNo=202407023E9_1&ctrtChgOrd=00&prcmBsneSeCd=조070001&srchName=ctrtCrst&openUrl=Y
2024070047183,물품,율목초 코딩드론 교구 구입 계약,2024-07-04,5474600,경기도교육청 경기도안양과천교육지원청 과천율목초등학교,과천율목초등학교,7569216,초등학교,경기도,https://www.g2b.go.kr/link/FIUA027_01/single/?ctrtNo=20240702627_1&ctrtChgOrd=00&prcmBsneSeCd=조070001&srchName=ctrtCrst&openUrl=Y
2024070071555,물품,2024학년도 디지털기반 교육혁신 선도학교 AI 기반 미술 키트 구매 계약,2024-07-05,9100000,경기도교육청 경기도시흥교육지원청 시흥능곡초등학교,시흥능곡초등학교,7781101,초등학교,경기도,https://www.g2b.go.kr/link/FIUA027_01/single/?ctrtNo=20240703550_1&ctrtChgOrd=00&prcmBsneSeCd=조070001&srchName=ctrtCrst&openUrl=Y
2024070071895,물품,부산항공고 기계전공동아리 실험실습 소프트웨어 기자재 구입 소액수의 견적 공고(catia V5),2024-07-05,16060000,부산광역시교육청 부산항공고등학교,부산항공고등학교,7150737,고등학교,부산광역시,https://www.g2b.go.kr/link/FIUA027_01/single/?ctrtNo=20240703613_1&ctrtChgOrd=00&prcmBsneSeCd=조070001&srchName=ctrtCrst&openUrl=Y
2024070072073,물품,2024학년도 디지털 선도학교 AI코스웨어 프로그램(마타수학) 이용 계약,2024-07-04,18810000,광주광역시서부교육청 진월초등학교,진월초등학교,,,,https://www.g2b.go.kr/link/FIUA027_01/single/?ctrtNo=2024070367A_1&ctrtChgOrd=00&prcmBsneSeCd=조070001&srchName=ctrtCrst&openUrl=Y
2024070072170,물품,디지털 기반 수학교육 지원 AI코스웨어(3-6학년) 구입,2024-07-05,9504000,충청남도교육청 충청남도천안교육지원청 천안봉명초등학교,천안봉명초등학교,8151073,초등학교,충청남도,https://www.g2b.go.kr/link/FIUA027_01/single/?ctrtNo=202407036A8_1&ctrtChgOrd=00&prcmBsneSeCd=조070001&srchName=ctrtCrst&openUrl=Y
2024070073800,물품,2024학년 2분기 방과후학교 재료(코딩로봇) 구매 계약,2024-06-28,1205000,경기도용인교육청 토월초등학교,토월초등학교,7751118,초등학교,경기도,https://www.g2b.go.kr/link/FIUA027_01/single/?ctrtNo=20240703A65_1&ctrtChgOrd=00&prcmBsneSeCd=조070001&srchName=ctrtCrst&openUrl=Y
2024070073838,물품,2024년 AI 디지털교과서 활성화 지원 프로그램  구입(투닝 학교 Pro 라이선스 이용료),2024-07-08,20580000,충청남도교육청 설화고등학교,설화고등학교,8140266,고등학교,충청남도,https://www.g2b.go.kr/link/FIUA027_01/single/?ctrtNo=20240703A74_1&ctrtChgOrd=00&prcmBsneSeCd=조070001&srchName=ctrtCrst&openUrl=Y
2024070074514,물품,Adobe Plus 라이선스 패키지 구입,2024-07-05,6959700,인천광역시교육청 한국주얼리고등학교,한국주얼리고등학교,7310454,고등학교,인천광역시,https://www.g2b.go.kr/link/FIUA027_01/single/?ctrtNo=20240703C00_1&ctrtChgOrd=00&prcmBsneSeCd=조070001&srchName=ctrtCrst&openUrl=Y
2024070096952,물품,2024학년도 교육정보부 MS오피스 라이선스 연간계약,2024-07-08,4235000,경기도교육청 청평고등학교,청평고등학교,7530944,고등학교,경기도,https://www.g2b.go.kr/link/FIUA027_01/single/?ctrtNo=20240704643_1&ctrtChgOrd=00&prcmBsneSeCd=조070001&srchName=ctrtCrst&openUrl=Y
2024070097421,물품,2024학년도 AI소프트웨어 중심학교(구축교) 환경개선 물품 구입(라운드형테이블 외),2024-07-08,8289000,인천광역시교육청 인천중산고등학교,인천중산고등학교,7310562,고등학교,인천광역시,https://www.g2b.go.kr/link/FIUA027_01/single/?ctrtNo=20240704766_1&ctrtChgOrd=00&prcmBsneSeCd=조070001&srchName=ctrtCrst&openUrl=Y
2024070097720,물품,2024학년도 특성화고 SW·AI 교육 강화사업 및 반도체 분야 특성화고 계약학과 홍보 물품 구입,2024-07-05,4567500,경기도교육청 세경고등학교,세경고등학교,7530947,고등학교,경기도,https://www.g2b.go.kr/link/FIUA027_01/single/?ctrtNo=20240704803_1&ctrtChgOrd=00&prcmBsneSeCd=조070001&srchName=ctrtCrst&openUrl=Y
2024070097829,물품,2024학년도 AI소프트웨어 중심학교(구축교) 환경개선 물품 구입(전자칠판 외),2024-07-08,10995200,인천광역시교육청 인천중산고등학교,인천중산고등학교,7310562,고등학교,인천광역시,https://www.g2b.go.kr/link/FIUA027_01/single/?ctrtNo=20240704829_1&ctrtChgOrd=00&prcmBsneSeCd=조070001&srchName=ctrtCrst&openUrl=Y
2024070102514,물품,2024년 기계과 캠소프트웨어 및 cnc시뮬레이터 소액수의,2024-07-08,57701900,전북특별자치도교육청 전주공업고등학교,전주공업고등학교,8321088,고등학교,전북특별자치도,https://www.g2b.go.kr/link/FIUA027_01/single/?ctrtNo=20240704F03_1&ctrtChgOrd=00&prcmBsneSeCd=조070001&srchName=ctrtCrst&openUrl=Y
2024070102678,물품,화홍중학교 소프트웨어(Adobe)구입,2024-07-08,2319900,경기도수원교육청 화홍중학교,화홍중학교,7541047,중학교,경기도,https://www.g2b.go.kr/link/FIUA027_01/single/?ctrtNo=20240704F53_1&ctrtChgOrd=00&prcmBsneSeCd=조070001&srchName=ctrtCrst&openUrl=Y
2024070103550,물품,NCS기반 실험실습기자재 응용소프트웨어 구입,2024-07-09,25025000,경상북도교육청 문경공업고등학교,문경공업고등학교,8750246,고등학교,경상북도,https://www.g2b.go.kr/link/FIUA027_01/single/?ctrtNo=2024070515B_1&ctrtChgOrd=00&prcmBsneSeCd=조070001&srchName=ctrtCrst&openUrl=Y
2024070143599,물품,순천고등학교 AI교실 비품(우드슬랩 3인용책상) 주문제작,2024-07-09,20845440,전라남도교육청 순천고등학교,순천고등학교,7140307,고등학교,전남광주통합특별시(전남),https://www.g2b.go.kr/link/FIUA027_01/single/?ctrtNo=20240706721_1&ctrtChgOrd=00&prcmBsneSeCd=조070001&srchName=ctrtCrst&openUrl=Y
2024070146289,물품,인공지능 융합 학습공간 조성 물품 구입,2024-07-09,19250000,서울특별시강남교육청 수서중학교,수서중학교,7091435,중학교,서울특별시,https://www.g2b.go.kr/link/FIUA027_01/single/?ctrtNo=2024070697B_1&ctrtChgOrd=00&prcmBsneSeCd=조070001&srchName=ctrtCrst&openUrl=Y
2024070150403,물품,한국도예고 소프트웨어(MS OVS-ES) 구입 계약,2024-07-11,2598750,경기도교육청 한국도예고등학교,한국도예고등학교,7530559,고등학교,경기도,https://www.g2b.go.kr/link/FIUA027_01/single/?ctrtNo=20240706CDE_1&ctrtChgOrd=00&prcmBsneSeCd=조070001&srchName=ctrtCrst&openUrl=Y
2024070177569,물품,"부평초 AI정보교육중심학교 AI특화프로그램 SW교구 구입(비누로봇, 카미봇파이, 엠봇2)",2024-07-10,19630000,경기도교육청 경기도구리남양주교육청 부평초등학교,부평초등학교,7652237,초등학교,경기도,https://www.g2b.go.kr/link/FIUA027_01/single/?ctrtNo=20240707271_1&ctrtChgOrd=00&prcmBsneSeCd=조070001&srchName=ctrtCrst&openUrl=Y
2024070182667,물품,분당경영고등학교 2024학년도 응용소프트웨어(Adobe STO 제품군) 구입 계약,2024-07-10,8250000,경기도교육청 분당경영고등학교,분당경영고등학교,7531114,고등학교,경기도,https://www.g2b.go.kr/link/FIUA027_01/single/?ctrtNo=202407076AC_1&ctrtChgOrd=00&prcmBsneSeCd=조070001&srchName=ctrtCrst&openUrl=Y
2024070183719,물품,2024학년도 남양주다산초 방과후학교 2분기 코딩A 재료 구입,2024-07-10,1725000,경기도교육청 경기도구리남양주교육지원청 남양주다산초등학교,남양주다산초등학교,7652294,초등학교,경기도,https://www.g2b.go.kr/link/FIUA027_01/single/?ctrtNo=202407077CE_1&ctrtChgOrd=00&prcmBsneSeCd=조070001&srchName=ctrtCrst&openUrl=Y
2024070213193,물품,경민여자중학교 하이러닝운영 에듀테크 프로그램 구입,2024-07-15,1515000,경기도의정부교육청 경민여자중학교,경민여자중학교,7561004,중학교,경기도,https://www.g2b.go.kr/link/FIUA027_01/single/?ctrtNo=2024070835B_1&ctrtChgOrd=00&prcmBsneSeCd=조070001&srchName=ctrtCrst&openUrl=Y
2024070216592,물품,천안업성고등학교 인공지능교육활성화를 위한 로봇 구입,2024-07-16,18534780,충청남도교육청 천안업성고등학교,천안업성고등학교,8140253,고등학교,충청남도,https://www.g2b.go.kr/link/FIUA027_01/single/?ctrtNo=2024070860E_1&ctrtChgOrd=00&prcmBsneSeCd=조070001&srchName=ctrtCrst&openUrl=Y
2024070224048,물품,2024 이동초 소프트웨어 라이센스 및 캠프운영 키트 물품 구매,2024-07-15,9245000,경기도포천교육청 이동초등학교,이동초등학교,7711035,초등학교,경기도,https://www.g2b.go.kr/link/FIUA027_01/single/?ctrtNo=20240708B41_1&ctrtChgOrd=00&prcmBsneSeCd=조070001&srchName=ctrtCrst&openUrl=Y
2024070225818,물품,디지털 선도학교 (정보교과)관련 [플랫폼],2024-07-12,5500000,경기도교육청 태원고등학교,태원고등학교,7530210,고등학교,경기도,https://www.g2b.go.kr/link/FIUA027_01/single/?ctrtNo=20240708CAD_1&ctrtChgOrd=00&prcmBsneSeCd=조070001&srchName=ctrtCrst&openUrl=Y
2024070257530,물품,미술 교과 수업 관련 소프트웨어 구입(Adobe),2024-07-12,438900,경기도교육청 은혜고등학교,은혜고등학교,7530664,고등학교,경기도,https://www.g2b.go.kr/link/FIUA027_01/single/?ctrtNo=20240709914_1&ctrtChgOrd=00&prcmBsneSeCd=조070001&srchName=ctrtCrst&openUrl=Y
2024070258048,물품,은혜고등학교 MS OVS-ES 소프트웨어 연간 계약,2024-07-12,5871250,경기도교육청 은혜고등학교,은혜고등학교,7530664,고등학교,경기도,https://www.g2b.go.kr/link/FIUA027_01/single/?ctrtNo=202407099B3_1&ctrtChgOrd=00&prcmBsneSeCd=조070001&srchName=ctrtCrst&openUrl=Y
2024070260565,물품,교육용 소프트웨어(Adobe) 구입 계약,2024-07-15,8401800,인천광역시교육청 강남영상미디어고등학교,강남영상미디어고등학교,7310346,고등학교,인천광역시,https://www.g2b.go.kr/link/FIUA027_01/single/?ctrtNo=20240709BB5_1&ctrtChgOrd=00&prcmBsneSeCd=조070001&srchName=ctrtCrst&openUrl=Y
2024070260566,물품,2024학년도 학교도서관 정기간행물 구독,2024-07-16,2728700,경기도안양교육청 과천문원중학교,과천문원중학교,7569054,중학교,경기도,https://www.g2b.go.kr/link/FIUA027_01/single/?ctrtNo=202403030A1_1&ctrtChgOrd=01&prcmBsneSeCd=조070001&srchName=ctrtCrst&openUrl=Y
2024070288960,물품,초과근무 근태 리더기 및 소프트웨어 구입,2024-07-16,1650000,경기도교육청 갈매고등학교,갈매고등학교,7531270,고등학교,경기도,https://www.g2b.go.kr/link/FIUA027_01/single/?ctrtNo=2024070A2B2_1&ctrtChgOrd=00&prcmBsneSeCd=조070001&srchName=ctrtCrst&openUrl=Y
2024070291022,물품,2024년 Adobe 계약의 건,2024-07-15,1567500,경기도교육청 파주여자고등학교,파주여자고등학교,,,,https://www.g2b.go.kr/link/FIUA027_01/single/?ctrtNo=2024070A7A2_1&ctrtChgOrd=00&prcmBsneSeCd=조070001&srchName=ctrtCrst&openUrl=Y
2024070291361,물품,은혜고 방송실 영상편집용 Adobe 소프트웨어 구입,2024-07-15,188100,경기도교육청 은혜고등학교,은혜고등학교,7530664,고등학교,경기도,https://www.g2b.go.kr/link/FIUA027_01/single/?ctrtNo=2024070A8A2_1&ctrtChgOrd=00&prcmBsneSeCd=조070001&srchName=ctrtCrst&openUrl=Y
2024070291951,물품,2024학년도 독서AI코스웨어(매일독서독도프로그램) 구입,2024-07-17,7616000,대구광역시달성교육청 대구용계초등학교,대구용계초등학교,7281030,초등학교,대구광역시,https://www.g2b.go.kr/link/FIUA027_01/single/?ctrtNo=2024070AA1D_1&ctrtChgOrd=00&prcmBsneSeCd=조070001&srchName=ctrtCrst&openUrl=Y
2024070296421,물품,로봇 끝장 개발(해커톤) 및 인공지능 자율주행 수업 활용 교구 구입,2024-07-16,16959800,충청남도교육청 천안여자고등학교,천안여자고등학교,8140069,고등학교,충청남도,https://www.g2b.go.kr/link/FIUA027_01/single/?ctrtNo=2024070B4D5_1&ctrtChgOrd=00&prcmBsneSeCd=조070001&srchName=ctrtCrst&openUrl=Y
2024070311636,물품,"2024학년도 2차 정기간행물(8종, 2024.09~2025.08) 구독",2024-07-16,1286100,경기도교육청 백운고등학교,백운고등학교,7530069,고등학교,경기도,https://www.g2b.go.kr/link/FIUA027_01/single/?ctrtNo=2024070B94A_1&ctrtChgOrd=00&prcmBsneSeCd=조070001&srchName=ctrtCrst&openUrl=Y
2024070334419,물품,한강초 AI교실 교구 구입,2024-07-17,7176000,서울특별시중부교육청 서울한강초등학교,서울한강초등학교,7061085,초등학교,서울특별시,https://www.g2b.go.kr/link/FIUA027_01/single/?ctrtNo=2024070CF5D_1&ctrtChgOrd=00&prcmBsneSeCd=조070001&srchName=ctrtCrst&openUrl=Y
2024070362464,물품,2024년 Adobe 소프트웨어 라이센스 구입,2024-07-19,12540000,경기도교육청 경기모바일과학고등학교,경기모바일과학고등학교,7530903,고등학교,경기도,https://www.g2b.go.kr/link/FIUA027_01/single/?ctrtNo=2024070E709_1&ctrtChgOrd=00&prcmBsneSeCd=조070001&srchName=ctrtCrst&openUrl=Y
2024070362981,물품,2024학년도 실습기자재 확충에 따른 어도비 소프트웨어 라이선스 연장 구입,2024-07-19,14421000,경기도교육청 수원정보과학고등학교,수원정보과학고등학교,7530899,고등학교,경기도,https://www.g2b.go.kr/link/FIUA027_01/single/?ctrtNo=2024070E84B_1&ctrtChgOrd=00&prcmBsneSeCd=조070001&srchName=ctrtCrst&openUrl=Y
2024070383036,물품,"부천정보산업고등학교 Adobe, MS OVS-ES소프트웨어 구매계약",2024-07-19,20966400,경기도교육청 부천정보산업고등학교,부천정보산업고등학교,7530256,고등학교,경기도,https://www.g2b.go.kr/link/FIUA027_01/single/?ctrtNo=2024070EF97_1&ctrtChgOrd=00&prcmBsneSeCd=조070001&srchName=ctrtCrst&openUrl=Y
2024070414387,물품,방송용 자막프로그램 소프트웨어 구입 건,2024-07-22,1120000,경기도교육청 안산디자인문화고등학교,안산디자인문화고등학교,7530991,고등학교,경기도,https://www.g2b.go.kr/link/FIUA027_01/single/?ctrtNo=2024071085E_1&ctrtChgOrd=00&prcmBsneSeCd=조070001&srchName=ctrtCrst&openUrl=Y
2024070481868,물품,반곡고등학교 인공지능실 조성 비품 구입,2024-07-24,7172000,세종특별자치시교육청 반곡고등학교,반곡고등학교,9300265,고등학교,세종특별자치시,https://www.g2b.go.kr/link/FIUA027_01/single/?ctrtNo=20240712A2C_1&ctrtChgOrd=00&prcmBsneSeCd=조070001&srchName=ctrtCrst&openUrl=Y
2024070516368,물품,2024학년도 제1차 실험실습 기자재(인공지능 정찰로봇) 구입을 위한 수의계약 체결,2024-07-29,42820000,광주광역시교육청 광주소프트웨어마이스터고등학교,광주소프트웨어마이스터고등학교,7140392,고등학교,전남광주통합특별시(광주),https://www.g2b.go.kr/link/FIUA027_01/single/?ctrtNo=202407137EB_1&ctrtChgOrd=00&prcmBsneSeCd=조070001&srchName=ctrtCrst&openUrl=Y
2024070523182,물품,한국도예고 소프트웨어 구입,2024-07-29,3135000,경기도교육청 한국도예고등학교,한국도예고등학교,7530559,고등학교,경기도,https://www.g2b.go.kr/link/FIUA027_01/single/?ctrtNo=20240713C5A_1&ctrtChgOrd=00&prcmBsneSeCd=조070001&srchName=ctrtCrst&openUrl=Y
2024070545588,물품,[변경계약] 2024 인공지능 활용 스마트학습에 따른 학습기 대여 및 온라인 수강권 구입,2024-07-26,15879000,제주특별자치도교육청 제주시교육지원청 추자중학교,추자중학교,9296031,중학교,제주특별자치도,https://www.g2b.go.kr/link/FIUA027_01/single/?ctrtNo=20240402060_1&ctrtChgOrd=01&prcmBsneSeCd=조070001&srchName=ctrtCrst&openUrl=Y
2024070595234,물품,광운인공지능고등학교 2024학년도 학생 활동 중심 건강체력 관리 시스템 구입,2024-07-29,15000000,서울특별시교육청 광운인공지능고등학교,광운인공지능고등학교,7011505,고등학교,서울특별시,https://www.g2b.go.kr/link/FIUA027_01/single/?ctrtNo=20240715C58_1&ctrtChgOrd=00&prcmBsneSeCd=조070001&srchName=ctrtCrst&openUrl=Y
2024070618853,물품,광운인공지능고 2024학년도 인공지능전기과 실험실습기자재 구입,2024-07-30,16300000,서울특별시교육청 광운인공지능고등학교,광운인공지능고등학교,7011505,고등학교,서울특별시,https://www.g2b.go.kr/link/FIUA027_01/single/?ctrtNo=20240716AD0_1&ctrtChgOrd=00&prcmBsneSeCd=조070001&srchName=ctrtCrst&openUrl=Y
2024070618858,물품,반도체전기과 3D CAD 소프트웨어 구입,2024-08-01,32340000,강원특별자치도교육청 강릉중앙고등학교,강릉중앙고등학교,7801099,고등학교,강원특별자치도,https://www.g2b.go.kr/link/FIUA027_01/single/?ctrtNo=20240716AED_1&ctrtChgOrd=00&prcmBsneSeCd=조070001&srchName=ctrtCrst&openUrl=Y
2024080013108,물품,2024 직업계고 실험실습기자재 구매(응용소프트웨어),2024-08-01,8464500,경기도교육청 세경고등학교,세경고등학교,7530947,고등학교,경기도,https://www.g2b.go.kr/link/FIUA027_01/single/?ctrtNo=20240800420_1&ctrtChgOrd=00&prcmBsneSeCd=조070001&srchName=ctrtCrst&openUrl=Y
2024080028846,물품,2024년 인공지능교육 활성화를 위한 AI협업툴 구독 계약,2024-06-19,20000000,충청남도교육청 복자여자고등학교,복자여자고등학교,8140087,고등학교,충청남도,https://www.g2b.go.kr/link/FIUA027_01/single/?ctrtNo=2024080126F_1&ctrtChgOrd=00&prcmBsneSeCd=조070001&srchName=ctrtCrst&openUrl=Y
2024080043626,물품,인천첨단초등학교병설유치원 AI놀이실 멀티미디어학습장치 구매 계약,2024-08-06,18250000,인천광역시교육청 인천광역시동부교육지원청 인천첨단초등학교,인천첨단초등학교,7341283,초등학교,인천광역시,https://www.g2b.go.kr/link/FIUA027_01/single/?ctrtNo=20240801E8C_1&ctrtChgOrd=00&prcmBsneSeCd=조070001&srchName=ctrtCrst&openUrl=Y
2024080064755,물품,2024년 2학기 디지털기반 교육혁신 선도학교 AI 코스웨어(클래스팅AI 러닝 Pro) 구입 계약,2024-08-13,8580000,경기도부천교육청 부천부안초등학교,부천부안초등학교,7581062,초등학교,경기도,https://www.g2b.go.kr/link/FIUA027_01/single/?ctrtNo=20240802943_1&ctrtChgOrd=00&prcmBsneSeCd=조070001&srchName=ctrtCrst&openUrl=Y
2024080067900,물품,AI DTS 기술 기반 산업용 로봇 시스템 구입,2024-08-06,349800000,강원특별자치도교육청 한국에너지마이스터고등학교,한국에너지마이스터고등학교,7801196,고등학교,강원특별자치도,https://www.g2b.go.kr/link/FIUA027_01/single/?ctrtNo=2024080302F_1&ctrtChgOrd=00&prcmBsneSeCd=조070001&srchName=ctrtCrst&openUrl=Y
2024080068011,물품,AI 융합형 로봇 제어 교육 시스템 구입,2024-08-08,319400000,강원특별자치도교육청 한국에너지마이스터고등학교,한국에너지마이스터고등학교,7801196,고등학교,강원특별자치도,https://www.g2b.go.kr/link/FIUA027_01/single/?ctrtNo=2024080305F_1&ctrtChgOrd=00&prcmBsneSeCd=조070001&srchName=ctrtCrst&openUrl=Y
2024080095389,물품,경기영상과학고등학교 adobe 연간 라이센스 구매,2024-08-08,28215000,경기도교육청 경기영상과학고등학교,경기영상과학고등학교,7530943,고등학교,경기도,https://www.g2b.go.kr/link/FIUA027_01/single/?ctrtNo=20240803F89_1&ctrtChgOrd=00&prcmBsneSeCd=조070001&srchName=ctrtCrst&openUrl=Y
2024080115435,물품,서울신정초등학교 신나는 AI디지털 교실 구축 환경개선 제작 가구 구매 설치,2024-08-08,13616900,서울특별시강서교육청 서울신정초등학교,서울신정초등학교,7081457,초등학교,서울특별시,https://www.g2b.go.kr/link/FIUA027_01/single/?ctrtNo=20240804677_1&ctrtChgOrd=00&prcmBsneSeCd=조070001&srchName=ctrtCrst&openUrl=Y
2024080124237,물품,2024학년도 MS Office 라이선스 구입,2024-08-12,6256250,경기도교육청 경기스마트고등학교,경기스마트고등학교,7531380,고등학교,경기도,https://www.g2b.go.kr/link/FIUA027_01/single/?ctrtNo=20240804CD2_1&ctrtChgOrd=00&prcmBsneSeCd=조070001&srchName=ctrtCrst&openUrl=Y
2024080156558,물품,2024학년도 2학기 코딩교재 교구교구 구입,,12045000,인천광역시교육청 인천외국어고등학교,인천외국어고등학교,7310242,고등학교,인천광역시,https://www.g2b.go.kr/link/FIUA027_01/single/?ctrtNo=20240805F1B_1&ctrtChgOrd=00&prcmBsneSeCd=조070001&srchName=ctrtCrst&openUrl=Y
2024080191287,물품,심원중 3학년 영어과 AI코스웨어(e리딩스타) 구매,2024-08-19,2000000,경기도부천교육청 심원중학교,심원중학교,7581034,중학교,경기도,https://www.g2b.go.kr/link/FIUA027_01/single/?ctrtNo=20240806F00_1&ctrtChgOrd=00&prcmBsneSeCd=조070001&srchName=ctrtCrst&openUrl=Y
2024080198948,물품,신남초 2024학년도 2분기 방과후학교(코딩 외 2건)교재 교구 구입 계약,2024-08-14,4642500,경기도교육청 경기도화성오산교육지원청 신남초등학교,신남초등학교,7679492,초등학교,경기도,https://www.g2b.go.kr/link/FIUA027_01/single/?ctrtNo=202408075F1_1&ctrtChgOrd=00&prcmBsneSeCd=조070001&srchName=ctrtCrst&openUrl=Y
2024080212093,물품,[재구조화] 2024년 직업계고 웹툰콘텐츠과 소프트웨어(클립스튜디오) 구입,2024-08-12,12150600,서울특별시교육청 서울디자인고등학교,서울디자인고등학교,7010741,고등학교,서울특별시,https://www.g2b.go.kr/link/FIUA027_01/single/?ctrtNo=20240807D72_1&ctrtChgOrd=00&prcmBsneSeCd=조070001&srchName=ctrtCrst&openUrl=Y
2024080230943,물품,컴퓨터실 AI 소프트웨어 설치,2024-08-19,1320000,경기도교육청 화홍고등학교,화홍고등학교,7530479,고등학교,경기도,https://www.g2b.go.kr/link/FIUA027_01/single/?ctrtNo=20240808FEF_1&ctrtChgOrd=00&prcmBsneSeCd=조070001&srchName=ctrtCrst&openUrl=Y
2024080246823,물품,시스템설비과(기계소프트웨어개발실) 기자재 구입,2024-08-21,23250000,강원특별자치도교육청 한국에너지마이스터고등학교,한국에너지마이스터고등학교,7801196,고등학교,강원특별자치도,https://www.g2b.go.kr/link/FIUA027_01/single/?ctrtNo=20240809E2E_1&ctrtChgOrd=00&prcmBsneSeCd=조070001&srchName=ctrtCrst&openUrl=Y
2024080296430,물품,2024.서울문영여중 AI교실 붙박이장 구입,,7300000,서울특별시교육청 서울특별시동작관악교육지원청 서울문영여자중학교,서울문영여자중학교,7132145,중학교,서울특별시,https://www.g2b.go.kr/link/FIUA027_01/single/?ctrtNo=2024080C40D_1&ctrtChgOrd=00&prcmBsneSeCd=조070001&srchName=ctrtCrst&openUrl=Y
2024080297378,물품,다산고 2024년 멀티미디어실 소프트웨어 넷클래스 구입,2024-08-17,440000,경기도교육청 다산고등학교,다산고등학교,7530608,고등학교,경기도,https://www.g2b.go.kr/link/FIUA027_01/single/?ctrtNo=2024080C600_1&ctrtChgOrd=00&prcmBsneSeCd=조070001&srchName=ctrtCrst&openUrl=Y
2024080319871,물품,2024학년도 디지털기반 교육혁신 선도학교 운영 에듀테크프로그램 구매 계약,2024-08-26,3095400,경기도교육청 광문고등학교,광문고등학교,7530053,고등학교,경기도,https://www.g2b.go.kr/link/FIUA027_01/single/?ctrtNo=2024080CE3B_1&ctrtChgOrd=00&prcmBsneSeCd=조070001&srchName=ctrtCrst&openUrl=Y
2024080321676,물품,정보과 AI코스웨어 구입계약,2024-08-23,15000000,충청남도서산교육청 서산중학교,서산중학교,8191011,중학교,충청남도,https://www.g2b.go.kr/link/FIUA027_01/single/?ctrtNo=2024080D229_1&ctrtChgOrd=00&prcmBsneSeCd=조070001&srchName=ctrtCrst&openUrl=Y
2024080321942,물품,2024년 금광초공간재구조화 스마트기가 구입(AI실물화상기),2024-09-11,9680000,경기도안성교육청 금광초등학교,금광초등학교,7761020,초등학교,경기도,https://www.g2b.go.kr/link/FIUA027_01/single/?ctrtNo=2024080D2C0_1&ctrtChgOrd=00&prcmBsneSeCd=조070001&srchName=ctrtCrst&openUrl=Y
2024080379128,물품,광운인공지능고등학교 2024학년도 2학기 실험실습재료 구입,2024-08-27,30690060,서울특별시교육청 광운인공지능고등학교,광운인공지능고등학교,7011505,고등학교,서울특별시,https://www.g2b.go.kr/link/FIUA027_01/single/?ctrtNo=2024080F4DC_1&ctrtChgOrd=00&prcmBsneSeCd=조070001&srchName=ctrtCrst&openUrl=Y
2024080408589,물품,2024학년도 2학기 수학 AI코스웨어 프로그램 사용 계약,2024-08-27,7785000,인천광역시교육청 인천고등학교,인천고등학교,7310057,고등학교,인천광역시,https://www.g2b.go.kr/link/FIUA027_01/single/?ctrtNo=202408104EA_1&ctrtChgOrd=00&prcmBsneSeCd=조070001&srchName=ctrtCrst&openUrl=Y
2024080408590,물품,"2025학년도 부산소프트웨어마이스터고등학교 교복(동복,하복) 학교주관구매 계약",2024-08-28,21088000,부산광역시교육청 부산소프트웨어마이스터고등학교,부산소프트웨어마이스터고등학교,7150658,고등학교,부산광역시,https://www.g2b.go.kr/link/FIUA027_01/single/?ctrtNo=202408104EB_1&ctrtChgOrd=00&prcmBsneSeCd=조070001&srchName=ctrtCrst&openUrl=Y
2024080408894,물품,광운인공지능 2024학년도 신입생 홍보물품 및 현장실습 교육과정 기업발굴기념품 구입,2024-08-28,13028570,서울특별시교육청 광운인공지능고등학교,광운인공지능고등학교,7011505,고등학교,서울특별시,https://www.g2b.go.kr/link/FIUA027_01/single/?ctrtNo=20240810592_1&ctrtChgOrd=00&prcmBsneSeCd=조070001&srchName=ctrtCrst&openUrl=Y
2024080409207,물품,[재구조화] 2024년 직업계고 웹툰콘텐츠과 소프트웨어(클립스튜디오) 구입,2024-08-27,6075300,서울특별시교육청 서울디자인고등학교,서울디자인고등학교,7010741,고등학교,서울특별시,https://www.g2b.go.kr/link/FIUA027_01/single/?ctrtNo=20240807D72_1&ctrtChgOrd=01&prcmBsneSeCd=조070001&srchName=ctrtCrst&openUrl=Y
2024080409356,물품,안산호원초등학교 AI 코스웨어 사용,2024-08-27,12157200,경기도안산교육청 안산호원초등학교,안산호원초등학교,7611032,초등학교,경기도,https://www.g2b.go.kr/link/FIUA027_01/single/?ctrtNo=20240810676_1&ctrtChgOrd=00&prcmBsneSeCd=조070001&srchName=ctrtCrst&openUrl=Y
2024080437273,물품,울산공업고등학교 도제학교 CAM 소프트웨어 구매 계약,2024-08-29,32340000,울산광역시교육청 울산공업고등학교,울산공업고등학교,7480044,고등학교,울산광역시,https://www.g2b.go.kr/link/FIUA027_01/single/?ctrtNo=202408115C2_1&ctrtChgOrd=00&prcmBsneSeCd=조070001&srchName=ctrtCrst&openUrl=Y
2024080437429,물품,금성중학교 AI교실 구축공사 관급자재(바닥재) 구매,2024-08-28,3560000,전라남도나주교육청 금성중학교,금성중학교,,,,https://www.g2b.go.kr/link/FIUA027_01/single/?ctrtNo=20240811612_1&ctrtChgOrd=00&prcmBsneSeCd=조070001&srchName=ctrtCrst&openUrl=Y
2024080457999,물품,2024학년도 디지털기반 교육혁신 선도학교 운영을 위한 3학년 기술가정 리빙박스 앱 라이선스 구입,2024-08-30,1000000,경기도광명교육청 소하중학교,소하중학교,7591008,중학교,경기도,https://www.g2b.go.kr/link/FIUA027_01/single/?ctrtNo=20240811D97_1&ctrtChgOrd=00&prcmBsneSeCd=조070001&srchName=ctrtCrst&openUrl=Y
2024080461112,물품,2024학년도 1학년 수학교과AI 코스웨어 구입,2024-08-30,7000000,서울특별시동부교육청 장평중학교,장평중학교,7021139,중학교,서울특별시,https://www.g2b.go.kr/link/FIUA027_01/single/?ctrtNo=202408123F8_1&ctrtChgOrd=00&prcmBsneSeCd=조070001&srchName=ctrtCrst&openUrl=Y
2024080483928,물품,2024학년도 순천공업고 도서관 정기간행물 구독,2024-08-30,1501600,전라남도교육청 순천공업고등학교,순천공업고등학교,7140192,고등학교,전남광주통합특별시(전남),https://www.g2b.go.kr/link/FIUA027_01/single/?ctrtNo=20240812D3E_1&ctrtChgOrd=00&prcmBsneSeCd=조070001&srchName=ctrtCrst&openUrl=Y
2024090025338,물품,2024년 AI스마트로봇 선도학교 활용교육 로봇 구입 계약,2024-09-03,16120000,인천광역시북부교육청 인천후정초등학교,인천후정초등학교,7331051,초등학교,인천광역시,https://www.g2b.go.kr/link/FIUA027_01/single/?ctrtNo=2024090120D_1&ctrtChgOrd=00&prcmBsneSeCd=조070001&srchName=ctrtCrst&openUrl=Y
2024090026198,물품,옥동초 디지털선도학교 코스웨어 추가 구입 계약(3-4학년),2024-09-04,5863000,충청북도진천교육청 옥동초등학교,옥동초등학교,8081018,초등학교,충청북도,https://www.g2b.go.kr/link/FIUA027_01/single/?ctrtNo=20240901308_1&ctrtChgOrd=00&prcmBsneSeCd=조070001&srchName=ctrtCrst&openUrl=Y
2024090053461,물품,2024 실습실 Adobe 소프트웨어 연간 임대 계약,2024-09-05,21220000,서울특별시교육청 세그루패션디자인고등학교,세그루패션디자인고등학교,7011084,고등학교,서울특별시,https://www.g2b.go.kr/link/FIUA027_01/single/?ctrtNo=20240902394_1&ctrtChgOrd=00&prcmBsneSeCd=조070001&srchName=ctrtCrst&openUrl=Y
2024090054206,물품,"2024학년도 디지털기반 교육혁신 선도학교 운영, 하이러닝 운영 에듀테크프로그램 구매 계약",2024-09-05,10348000,경기도교육청 광문고등학교,광문고등학교,7530053,고등학교,경기도,https://www.g2b.go.kr/link/FIUA027_01/single/?ctrtNo=2024090253C_1&ctrtChgOrd=00&prcmBsneSeCd=조070001&srchName=ctrtCrst&openUrl=Y
2024090054598,물품,AI인공 지능형과학교실 내부 환경공간구성및복도 환경게시판 제작 구입,2024-09-05,5874000,경기도교육청 경기도파주교육지원청 금촌초등학교,금촌초등학교,7681029,초등학교,경기도,https://www.g2b.go.kr/link/FIUA027_01/single/?ctrtNo=20240902621_1&ctrtChgOrd=00&prcmBsneSeCd=조070001&srchName=ctrtCrst&openUrl=Y
2024090076835,물품,2024년 다산고 실습기자재 응용소프트웨어 구입,2024-08-28,1567500,경기도교육청 다산고등학교,다산고등학교,7530608,고등학교,경기도,https://www.g2b.go.kr/link/FIUA027_01/single/?ctrtNo=20240902F7B_1&ctrtChgOrd=00&prcmBsneSeCd=조070001&srchName=ctrtCrst&openUrl=Y
2024090153645,물품,서울영원초  신나는 AI교실 물품 구매 계약,2024-09-09,33000000,서울특별시남부교육청 서울영원초등학교,서울영원초등학교,7041151,초등학교,서울특별시,https://www.g2b.go.kr/link/FIUA027_01/single/?ctrtNo=2024090502D_1&ctrtChgOrd=00&prcmBsneSeCd=조070001&srchName=ctrtCrst&openUrl=Y
2024090155296,물품,AI교실 비품 구입(컴퓨터 외 17종),2024-09-09,14924400,전라남도나주교육청 노안중학교,노안중학교,8532014,중학교,전남광주통합특별시(전남),https://www.g2b.go.kr/link/FIUA027_01/single/?ctrtNo=202409053B1_1&ctrtChgOrd=00&prcmBsneSeCd=조070001&srchName=ctrtCrst&openUrl=Y
2024090155452,물품,산본초 AI 투닝(디지털 선도학교 코스웨어)구입,2024-09-10,6490000,경기도교육청 경기도군포의왕교육지원청 산본초등학교,산본초등학교,7642021,초등학교,경기도,https://www.g2b.go.kr/link/FIUA027_01/single/?ctrtNo=202409053FE_1&ctrtChgOrd=00&prcmBsneSeCd=조070001&srchName=ctrtCrst&openUrl=Y
2024090158010,물품,2024학년도 재능고 AI헬스케어학과 및 홍보부 홍보물품 구입,2024-09-10,16713300,인천광역시교육청 재능고등학교,재능고등학교,7310627,고등학교,인천광역시,https://www.g2b.go.kr/link/FIUA027_01/single/?ctrtNo=20240905921_1&ctrtChgOrd=00&prcmBsneSeCd=조070001&srchName=ctrtCrst&openUrl=Y
2024090188681,물품,상일고등학교 2024학년도 AI코스웨어 프로그램 구입,2024-09-12,9039220,경기도교육청 상일고등학교,상일고등학교,7530616,고등학교,경기도,https://www.g2b.go.kr/link/FIUA027_01/single/?ctrtNo=20240906586_1&ctrtChgOrd=00&prcmBsneSeCd=조070001&srchName=ctrtCrst&openUrl=Y
2024090224579,물품,2024년 삼일고등학교 AI빅데이터사업 인터렉티브 미디어파사드 구매 입찰 공고,2024-08-29,217420840,경기도교육청 삼일고등학교,삼일고등학교,7531427,고등학교,경기도,https://www.g2b.go.kr/link/FIUA027_01/single/?ctrtNo=20240906F36_1&ctrtChgOrd=00&prcmBsneSeCd=조070001&srchName=ctrtCrst&openUrl=Y
2024090235011,물품,2024년 금광초공간재구조화 스마트기가 구입(AI실물화상기),,9680000,경기도안성교육청 금광초등학교,금광초등학교,7761020,초등학교,경기도,https://www.g2b.go.kr/link/FIUA027_01/single/?ctrtNo=2024080D2C0_1&ctrtChgOrd=01&prcmBsneSeCd=조070001&srchName=ctrtCrst&openUrl=Y
2024090238457,물품,2024년 삼일고등학교 AI빅데이터사업 인터렉티브 미디어파사드 구매 입찰 공고,,217420840,경기도교육청 삼일고등학교,삼일고등학교,7531427,고등학교,경기도,https://www.g2b.go.kr/link/FIUA027_01/single/?ctrtNo=20240906F36_1&ctrtChgOrd=01&prcmBsneSeCd=조070001&srchName=ctrtCrst&openUrl=Y
2024090271166,물품,"2024학년도 디지털기반 교육혁신 선도학교 운영, 하이러닝 운영 에듀테크프로그램 구매 변경계약",2024-09-12,10348000,경기도교육청 광문고등학교,광문고등학교,7530053,고등학교,경기도,https://www.g2b.go.kr/link/FIUA027_01/single/?ctrtNo=2024090253C_1&ctrtChgOrd=01&prcmBsneSeCd=조070001&srchName=ctrtCrst&openUrl=Y
2024090324137,물품,2024학년도 2학기 1차 인공지능반도체과 실험실습 소모품 구입 계약,2024-09-13,4759500,경기도교육청 세경고등학교,세경고등학교,7530947,고등학교,경기도,https://www.g2b.go.kr/link/FIUA027_01/single/?ctrtNo=20240909723_1&ctrtChgOrd=00&prcmBsneSeCd=조070001&srchName=ctrtCrst&openUrl=Y
2024090372140,물품,"자유초 AI코스웨어(클래스팅AI)소프트웨어 이용권 구매계약(사회,수학)",2024-09-24,2710400,경기도교육청 경기도파주교육지원청 자유초등학교,자유초등학교,7681162,초등학교,경기도,https://www.g2b.go.kr/link/FIUA027_01/single/?ctrtNo=2024090B3BB_1&ctrtChgOrd=00&prcmBsneSeCd=조070001&srchName=ctrtCrst&openUrl=Y
2024090405072,물품,2024년 인공지능교육 활성화 운영을 위한 플로우 협업툴 구입,2024-09-20,20000000,충청남도교육청 천안두정고등학교,천안두정고등학교,8140213,고등학교,충청남도,https://www.g2b.go.kr/link/FIUA027_01/single/?ctrtNo=2024090CBAC_1&ctrtChgOrd=00&prcmBsneSeCd=조070001&srchName=ctrtCrst&openUrl=Y
2024090405733,물품,AI교실 구축 및 고교학점제 공간조성 기자재 구입 계약,2024-09-23,18865000,전라남도교육청 부영여자고등학교,부영여자고등학교,7140166,고등학교,전남광주통합특별시(전남),https://www.g2b.go.kr/link/FIUA027_01/single/?ctrtNo=2024090CD44_1&ctrtChgOrd=00&prcmBsneSeCd=조070001&srchName=ctrtCrst&openUrl=Y
2024090406322,물품,정보교실 에듀테크 가구 구매,2024-09-27,3870000,경기도교육청 경기도안산교육지원청 성안중학교,성안중학교,7611028,중학교,경기도,https://www.g2b.go.kr/link/FIUA027_01/single/?ctrtNo=2024090CE84_1&ctrtChgOrd=00&prcmBsneSeCd=조070001&srchName=ctrtCrst&openUrl=Y
2024090429608,물품,2024학년도 IoT 전기부 기자재(AI자율주행 실험장치)구입 소액수의 공고,2024-09-24,15760000,부산광역시교육청 경성전자고등학교,경성전자고등학교,7150429,고등학교,부산광역시,https://www.g2b.go.kr/link/FIUA027_01/single/?ctrtNo=2024090D336_1&ctrtChgOrd=00&prcmBsneSeCd=조070001&srchName=ctrtCrst&openUrl=Y
2024090430661,물품,2024학년도 재능고 AI헬스케어학과 기자재(버츄얼메이트 외 2종) 구입,2024-09-24,31120000,인천광역시교육청 재능고등학교,재능고등학교,7310627,고등학교,인천광역시,https://www.g2b.go.kr/link/FIUA027_01/single/?ctrtNo=2024090D3E5_1&ctrtChgOrd=00&prcmBsneSeCd=조070001&srchName=ctrtCrst&openUrl=Y
2024090445756,물품,2024년 새빛초등학교 꿈나래도서관 정기간행물 구독,2024-09-25,1183200,경기도교육청 경기도용인교육지원청 새빛초등학교,새빛초등학교,7751313,초등학교,경기도,https://www.g2b.go.kr/link/FIUA027_01/single/?ctrtNo=2024090DF5D_1&ctrtChgOrd=00&prcmBsneSeCd=조070001&srchName=ctrtCrst&openUrl=Y
2024090447500,물품,2024학년도 IoT 전기부 기자재(AI자율주행 실험장치)구입 소액수의 공고,2024-09-24,15760000,부산광역시교육청 경성전자고등학교,경성전자고등학교,7150429,고등학교,부산광역시,https://www.g2b.go.kr/link/FIUA027_01/single/?ctrtNo=2024090D336_1&ctrtChgOrd=01&prcmBsneSeCd=조070001&srchName=ctrtCrst&openUrl=Y
2024090468469,물품,"2024학년도 5,6학년 코딩교육 교구 구입",2024-09-25,6800000,경기도교육청 경기도광명교육지원청 연서초등학교,연서초등학교,7591028,초등학교,경기도,https://www.g2b.go.kr/link/FIUA027_01/single/?ctrtNo=2024090E518_1&ctrtChgOrd=00&prcmBsneSeCd=조070001&srchName=ctrtCrst&openUrl=Y
2024090476828,물품,기성초등학교 밀리의 서재 구독권 구입(에듀테크),2024-10-07,8408070,경상남도거제교육청 기성초등학교,기성초등학교,9111011,초등학교,경상남도,https://www.g2b.go.kr/link/FIUA027_01/single/?ctrtNo=2024090EC63_1&ctrtChgOrd=00&prcmBsneSeCd=조070001&srchName=ctrtCrst&openUrl=Y
2024090514735,물품,SW·AI 분야 특화 교육과정 운영을 위한 교육재료 구입 건,2024-09-26,12180000,서울특별시교육청 한성과학고등학교,한성과학고등학교,7010115,고등학교,서울특별시,https://www.g2b.go.kr/link/FIUA027_01/single/?ctrtNo=2024090FB1B_1&ctrtChgOrd=00&prcmBsneSeCd=조070001&srchName=ctrtCrst&openUrl=Y
2024090560234,물품,송수초등학교 AI 코스웨어 마타수학 이용권,2024-09-27,21780000,부산광역시교육청 부산광역시해운대교육청 송수초등학교,송수초등학교,7211093,초등학교,부산광역시,https://www.g2b.go.kr/link/FIUA027_01/single/?ctrtNo=20240910B3F_1&ctrtChgOrd=00&prcmBsneSeCd=조070001&srchName=ctrtCrst&openUrl=Y
2024090565032,물품,명인초등학교 청개구리 클래스 AI로봇 체험 물품 2차 구매 계약,2024-09-30,4176000,경기도교육청 경기도수원교육지원청 명인초등학교,명인초등학교,7541137,초등학교,경기도,https://www.g2b.go.kr/link/FIUA027_01/single/?ctrtNo=20240910FF9_1&ctrtChgOrd=00&prcmBsneSeCd=조070001&srchName=ctrtCrst&openUrl=Y
2024090570628,물품,에듀테크 활용 3D 프린터 구매,2024-09-30,4015900,경기도안산교육청 안산호원초등학교,안산호원초등학교,7611032,초등학교,경기도,https://www.g2b.go.kr/link/FIUA027_01/single/?ctrtNo=20240911354_1&ctrtChgOrd=00&prcmBsneSeCd=조070001&srchName=ctrtCrst&openUrl=Y
2024090623322,물품,2024학년도 화성월문초 에듀테크 활용 교육(물품) 계약,2024-10-23,1782000,경기도교육청 경기도화성오산교육지원청 화성월문초등학교,화성월문초등학교,7679072,초등학교,경기도,https://www.g2b.go.kr/link/FIUA027_01/single/?ctrtNo=20240912341_1&ctrtChgOrd=00&prcmBsneSeCd=조070001&srchName=ctrtCrst&openUrl=Y
2024070002674,기술용역,2024학년도 1학년 고교학점제운영 인공지능캠프 체험 용역,2024-07-01,5005000,경기도교육청 하길고등학교,하길고등학교,7531241,고등학교,경기도,https://www.g2b.go.kr/link/FIUA027_01/single/?ctrtNo=20240700560_5&ctrtChgOrd=00&prcmBsneSeCd=조070003&srchName=ctrtCrst&openUrl=Y
2024070003230,기술용역,2024학년도 안산동산고 MY BEST 구독서비스 및 워크북,2024-03-01,9072000,경기도교육청 안산동산고등학교,안산동산고등학교,7530184,고등학교,경기도,https://www.g2b.go.kr/link/FIUA027_01/single/?ctrtNo=20240700696_5&ctrtChgOrd=00&prcmBsneSeCd=조070003&srchName=ctrtCrst&openUrl=Y
2024070003838,기술용역,AI디지털 학생동아리 인터넷신문 프로그램 운영 용역,,4400000,경기도교육청 경기도시흥교육지원청 배곧해솔초등학교,배곧해솔초등학교,7781151,초등학교,경기도,https://www.g2b.go.kr/link/FIUA027_01/single/?ctrtNo=202407007F9_5&ctrtChgOrd=00&prcmBsneSeCd=조070003&srchName=ctrtCrst&openUrl=Y
2024070003840,기술용역,AI디지털 학생동아리 인터넷신문 프로그램 운영 용역,2024-07-01,4400000,경기도교육청 경기도시흥교육지원청 배곧해솔초등학교,배곧해솔초등학교,7781151,초등학교,경기도,https://www.g2b.go.kr/link/FIUA027_01/single/?ctrtNo=202407007FB_5&ctrtChgOrd=00&prcmBsneSeCd=조070003&srchName=ctrtCrst&openUrl=Y
2024070005415,기술용역,2024년 AI 교실 구축학교 운영비 배정에 따른 사업을 위한 AI 교실 구축 공사 설계 용역(건축),2024-07-01,4524000,전라남도나주교육청 금성중학교,금성중학교,,,,https://www.g2b.go.kr/link/FIUA027_01/single/?ctrtNo=20240700B41_5&ctrtChgOrd=00&prcmBsneSeCd=조070003&srchName=ctrtCrst&openUrl=Y
2024070007023,기술용역,한솔고 교과특성화학교 운영 인공지능 및 코딩 체험 프로그램 위탁 용역 계약,2024-07-03,5400000,경기도교육청 한솔고등학교,한솔고등학교,7530136,고등학교,경기도,https://www.g2b.go.kr/link/FIUA027_01/single/?ctrtNo=20240700F00_5&ctrtChgOrd=00&prcmBsneSeCd=조070003&srchName=ctrtCrst&openUrl=Y
2024070021482,기술용역,2024학년도 서울인공지능고등학교 2학년 소규모테마형교육여행 위탁용역,2024-07-02,56225000,서울특별시교육청 서울인공지능고등학교,서울인공지능고등학교,7011498,고등학교,서울특별시,https://www.g2b.go.kr/link/FIUA027_01/single/?ctrtNo=202407010FA_5&ctrtChgOrd=00&prcmBsneSeCd=조070003&srchName=ctrtCrst&openUrl=Y
2024070021619,기술용역,2024학년도 대구소프트웨어마이스터고등학교 해커톤 대회 위탁 운영,2024-07-02,20000000,대구광역시교육청 대구소프트웨어마이스터고등학교,대구소프트웨어마이스터고등학교,7240454,고등학교,대구광역시,https://www.g2b.go.kr/link/FIUA027_01/single/?ctrtNo=20240701141_5&ctrtChgOrd=00&prcmBsneSeCd=조070003&srchName=ctrtCrst&openUrl=Y
2024070023477,기술용역,인공지능 기술체험및 생태교육 현장체험 버스 임차 용역,2024-07-02,770000,충청남도공주교육청 사곡중학교,사곡중학교,8161009,중학교,충청남도,https://www.g2b.go.kr/link/FIUA027_01/single/?ctrtNo=2024070154B_5&ctrtChgOrd=00&prcmBsneSeCd=조070003&srchName=ctrtCrst&openUrl=Y
2024070023637,기술용역,화산중 IB프로그램 및 에듀테크 활용 역량강화 컨설팅 용역,2024-07-02,10000000,전북특별자치도교육청 전북특별자치도완주교육지원청 화산중학교,화산중학교,8392084,중학교,전북특별자치도,https://www.g2b.go.kr/link/FIUA027_01/single/?ctrtNo=202407015B8_5&ctrtChgOrd=00&prcmBsneSeCd=조070003&srchName=ctrtCrst&openUrl=Y
2024070024408,기술용역,2024학년도 학교자율과정 AI융합 인성프로그램 운영,2024-07-04,7009100,경기도교육청 송내고등학교,송내고등학교,7530617,고등학교,경기도,https://www.g2b.go.kr/link/FIUA027_01/single/?ctrtNo=2024070174F_5&ctrtChgOrd=00&prcmBsneSeCd=조070003&srchName=ctrtCrst&openUrl=Y
2024070026277,기술용역,2024학년도 교육과정 연계 (SW-AI융합교육) 프로그램 운영비,2024-07-05,18280000,경상북도교육청 경상북도김천교육지원청 문성중학교,문성중학교,8781088,중학교,경상북도,https://www.g2b.go.kr/link/FIUA027_01/single/?ctrtNo=20240701B9D_5&ctrtChgOrd=00&prcmBsneSeCd=조070003&srchName=ctrtCrst&openUrl=Y
2024070026677,기술용역,2024학년도 AI특화교육 해외연수(싱가포르) 교육 운영,2024-07-18,21340000,중소벤처기업부 부산기계공업고등학교,부산기계공업고등학교,1421117,고등학교,부산광역시,https://www.g2b.go.kr/link/FIUA027_01/single/?ctrtNo=20240701C66_5&ctrtChgOrd=00&prcmBsneSeCd=조070003&srchName=ctrtCrst&openUrl=Y
2024070027078,기술용역,광운인공지능고 인공지능활용능력 교육(초중급) 프로그램 위탁용역 계약,2024-05-29,16100000,서울특별시교육청 광운인공지능고등학교,광운인공지능고등학교,7011505,고등학교,서울특별시,https://www.g2b.go.kr/link/FIUA027_01/single/?ctrtNo=20240701D75_5&ctrtChgOrd=00&prcmBsneSeCd=조070003&srchName=ctrtCrst&openUrl=Y
2024070047151,기술용역,2024학년도 AI진로체험학습 차량임차 용역계약,2024-07-03,1430000,충청남도아산교육청 쌍룡초등학교,쌍룡초등학교,8181037,초등학교,충청남도,https://www.g2b.go.kr/link/FIUA027_01/single/?ctrtNo=20240702611_5&ctrtChgOrd=00&prcmBsneSeCd=조070003&srchName=ctrtCrst&openUrl=Y
2024070047803,기술용역,인공지능 융합교육과정 현장체험학습 전세버스 임차계약,2024-07-03,600000,충청남도천안교육청 천안봉서중학교,천안봉서중학교,8151016,중학교,충청남도,https://www.g2b.go.kr/link/FIUA027_01/single/?ctrtNo=2024070278D_5&ctrtChgOrd=00&prcmBsneSeCd=조070003&srchName=ctrtCrst&openUrl=Y
2024070066926,기술용역,1학년 코딩AI교육 프로그램 운영,2024-07-05,3650000,경기도안양교육청 안양여자중학교,안양여자중학교,7569077,중학교,경기도,https://www.g2b.go.kr/link/FIUA027_01/single/?ctrtNo=20240702FF5_5&ctrtChgOrd=00&prcmBsneSeCd=조070003&srchName=ctrtCrst&openUrl=Y
2024070067109,기술용역,기후지킴이 AI웹툰 클래스 프로그램,2024-07-05,3600000,경기도안양교육청 안양여자중학교,안양여자중학교,7569077,중학교,경기도,https://www.g2b.go.kr/link/FIUA027_01/single/?ctrtNo=20240703011_5&ctrtChgOrd=00&prcmBsneSeCd=조070003&srchName=ctrtCrst&openUrl=Y
2024070067983,기술용역,2024보평중 디지털 시민역량교육 인공지능 히어로 프로그램,2024-07-04,3276000,경기도교육청 경기도성남교육청 보평중학교,보평중학교,7551156,중학교,경기도,https://www.g2b.go.kr/link/FIUA027_01/single/?ctrtNo=202407030C7_5&ctrtChgOrd=00&prcmBsneSeCd=조070003&srchName=ctrtCrst&openUrl=Y
2024070069474,기술용역,4학년 미래교육협력지구 프로젝트(블록코딩) 용역 계약,2024-07-04,2000000,경기도교육청 경기도여주교육지원청 오학초등학교,오학초등학교,7661033,초등학교,경기도,https://www.g2b.go.kr/link/FIUA027_01/single/?ctrtNo=20240703242_5&ctrtChgOrd=00&prcmBsneSeCd=조070003&srchName=ctrtCrst&openUrl=Y
2024070069737,기술용역,3학년 체험형 코딩 교육 프로그램 계약,2024-07-04,4162000,경기도군포교육청 금정중학교,금정중학교,7642040,중학교,경기도,https://www.g2b.go.kr/link/FIUA027_01/single/?ctrtNo=20240703290_5&ctrtChgOrd=00&prcmBsneSeCd=조070003&srchName=ctrtCrst&openUrl=Y
2024070070618,기술용역,6학년 특색교육 AI체험교실 운영 계약,2024-07-08,5625000,경기도성남교육청 성남정자초등학교,성남정자초등학교,7551047,초등학교,경기도,https://www.g2b.go.kr/link/FIUA027_01/single/?ctrtNo=20240703383_5&ctrtChgOrd=00&prcmBsneSeCd=조070003&srchName=ctrtCrst&openUrl=Y
2024070070821,기술용역,학교자율과제 AI리터시티 의사소통능력 함양교육 프로그램 운영,2024-07-04,2100000,경기도교육청 경기도구리남양주교육지원청 별내중학교,별내중학교,7652079,중학교,경기도,https://www.g2b.go.kr/link/FIUA027_01/single/?ctrtNo=2024070339C_5&ctrtChgOrd=00&prcmBsneSeCd=조070003&srchName=ctrtCrst&openUrl=Y
2024070074478,기술용역,2024학년도 2학년 인공지능 AI 프로그래밍 운영,2024-07-05,2592000,경기도교육청 경기도군포의왕교육지원청 모락중학교,모락중학교,7642073,중학교,경기도,https://www.g2b.go.kr/link/FIUA027_01/single/?ctrtNo=20240703BD5_5&ctrtChgOrd=00&prcmBsneSeCd=조070003&srchName=ctrtCrst&openUrl=Y
2024070096478,기술용역,2024학년도 AI·SW체험 프로그램 운영에 따른 버스 임차,2024-07-08,1200000,충청남도교육청 천안불당고등학교,천안불당고등학교,8140387,고등학교,충청남도,https://www.g2b.go.kr/link/FIUA027_01/single/?ctrtNo=20240704526_5&ctrtChgOrd=00&prcmBsneSeCd=조070003&srchName=ctrtCrst&openUrl=Y
2024070096573,기술용역,광운초 2023 여름방학 AI창의캠프,2024-07-08,31020000,서울특별시성북교육청 광운초등학교,광운초등학교,7121335,초등학교,서울특별시,https://www.g2b.go.kr/link/FIUA027_01/single/?ctrtNo=20240704563_5&ctrtChgOrd=00&prcmBsneSeCd=조070003&srchName=ctrtCrst&openUrl=Y
2024070097501,기술용역,2024학년도 1학기 AI전공캠프 운영 위탁 용역,2024-07-09,32000000,부산광역시교육청 부산소프트웨어마이스터고등학교,부산소프트웨어마이스터고등학교,7150658,고등학교,부산광역시,https://www.g2b.go.kr/link/FIUA027_01/single/?ctrtNo=2024070477D_5&ctrtChgOrd=00&prcmBsneSeCd=조070003&srchName=ctrtCrst&openUrl=Y
2024070102110,기술용역,2024학년도 특화교육과정 SW 역량강화 교육 용역,2024-07-08,30987000,중소벤처기업부 구미전자공업고등학교,구미전자공업고등학교,1421116,고등학교,경상북도,https://www.g2b.go.kr/link/FIUA027_01/single/?ctrtNo=20240704E2C_5&ctrtChgOrd=00&prcmBsneSeCd=조070003&srchName=ctrtCrst&openUrl=Y
2024070103321,기술용역,온산중학교 메타버스 공간 구축 및 운영,2024-07-08,3000000,울산광역시강남교육청 온산중학교,온산중학교,7501034,중학교,울산광역시,https://www.g2b.go.kr/link/FIUA027_01/single/?ctrtNo=202407050B4_5&ctrtChgOrd=00&prcmBsneSeCd=조070003&srchName=ctrtCrst&openUrl=Y
2024070104946,기술용역,2024. 아주초등학교 SW특색교육 체험비,2024-07-08,19657000,경상남도거제교육청 아주초등학교,아주초등학교,9111024,초등학교,경상남도,https://www.g2b.go.kr/link/FIUA027_01/single/?ctrtNo=20240705496_5&ctrtChgOrd=00&prcmBsneSeCd=조070003&srchName=ctrtCrst&openUrl=Y
2024070106177,기술용역,2024학년도 1학기 디지털 선도학교 관련 에듀테크 라이센스(스픽) 구독 용역 계약,2024-07-01,5296870,서울특별시교육청 서울특별시강서교육청 염경중학교,염경중학교,7081511,중학교,서울특별시,https://www.g2b.go.kr/link/FIUA027_01/single/?ctrtNo=20240705739_5&ctrtChgOrd=00&prcmBsneSeCd=조070003&srchName=ctrtCrst&openUrl=Y
2024070106229,기술용역,인덕원고 2024학년도 2학년 AI 활용 문제해결 프로그램 체험,2024-07-09,6160000,경기도교육청 인덕원고등학교,인덕원고등학교,7530818,고등학교,경기도,https://www.g2b.go.kr/link/FIUA027_01/single/?ctrtNo=2024070576C_5&ctrtChgOrd=00&prcmBsneSeCd=조070003&srchName=ctrtCrst&openUrl=Y
2024070106514,기술용역,인덕원고 2024학년도 1학년 AI 및 디지털 역량강화 프로그램 체험,2024-07-09,9240000,경기도교육청 인덕원고등학교,인덕원고등학교,7530818,고등학교,경기도,https://www.g2b.go.kr/link/FIUA027_01/single/?ctrtNo=20240705801_5&ctrtChgOrd=00&prcmBsneSeCd=조070003&srchName=ctrtCrst&openUrl=Y
2024070106577,기술용역,신진과학기술고등학교 인공지능자동화과 도제학교 도제마인드 함양 연수 위탁 용역,2024-07-09,18600000,서울특별시교육청 신진과학기술고등학교,신진과학기술고등학교,7011316,고등학교,서울특별시,https://www.g2b.go.kr/link/FIUA027_01/single/?ctrtNo=2024070583C_5&ctrtChgOrd=00&prcmBsneSeCd=조070003&srchName=ctrtCrst&openUrl=Y
2024070132582,기술용역,2024학년도 AI·SW 로봇 캠프 운영,2024-07-10,2640000,경기도교육청 송내고등학교,송내고등학교,7530617,고등학교,경기도,https://www.g2b.go.kr/link/FIUA027_01/single/?ctrtNo=2024070613B_5&ctrtChgOrd=00&prcmBsneSeCd=조070003&srchName=ctrtCrst&openUrl=Y
2024070147836,기술용역,AI 코스웨어 디지털 선도학교 밀크T 용역계약,2024-07-22,9636000,충청남도홍성교육청 홍주초등학교,홍주초등학교,8261041,초등학교,충청남도,https://www.g2b.go.kr/link/FIUA027_01/single/?ctrtNo=20240706A9A_5&ctrtChgOrd=00&prcmBsneSeCd=조070003&srchName=ctrtCrst&openUrl=Y
2024070149946,기술용역,AI. 정보교육 중심학교 스마트 이노베이션 캠프 운영,2024-07-09,4356000,경기도교육청 범박고등학교,범박고등학교,7530763,고등학교,경기도,https://www.g2b.go.kr/link/FIUA027_01/single/?ctrtNo=20240706C7A_5&ctrtChgOrd=00&prcmBsneSeCd=조070003&srchName=ctrtCrst&openUrl=Y
2024070177099,기술용역,숭문고 진로역량 강화캠프 인공지능 분야 위탁 용역,2024-07-10,1875000,서울특별시교육청 숭문고등학교,숭문고등학교,7010202,고등학교,서울특별시,https://www.g2b.go.kr/link/FIUA027_01/single/?ctrtNo=202407071BC_5&ctrtChgOrd=00&prcmBsneSeCd=조070003&srchName=ctrtCrst&openUrl=Y
2024070178343,기술용역,2024학년도 SW마이스터고 연합 토크콘서트 위탁용역(2단계-규격가격분리 동시),2024-07-10,24500000,대구광역시교육청 대구소프트웨어마이스터고등학교,대구소프트웨어마이스터고등학교,7240454,고등학교,대구광역시,https://www.g2b.go.kr/link/FIUA027_01/single/?ctrtNo=20240707331_5&ctrtChgOrd=00&prcmBsneSeCd=조070003&srchName=ctrtCrst&openUrl=Y
2024070178554,기술용역,2024학년도 교과연계 AI 마스터(스마트 모빌리티) 용역,2024-07-10,2000000,경기도교육청 세경고등학교,세경고등학교,7530947,고등학교,경기도,https://www.g2b.go.kr/link/FIUA027_01/single/?ctrtNo=20240707367_5&ctrtChgOrd=00&prcmBsneSeCd=조070003&srchName=ctrtCrst&openUrl=Y
2024070179082,기술용역,AI빅데이터 사업 폐기물 처리 용역,2024-07-10,12642000,경기도교육청 삼일고등학교,삼일고등학교,7531427,고등학교,경기도,https://www.g2b.go.kr/link/FIUA027_01/single/?ctrtNo=202407073E7_5&ctrtChgOrd=00&prcmBsneSeCd=조070003&srchName=ctrtCrst&openUrl=Y
2024070184426,기술용역,2024학년도 SW마이스터고 연합 토크콘서트 행사 위탁 용역 계약 체결,2024-07-11,24500000,광주광역시교육청 광주소프트웨어마이스터고등학교,광주소프트웨어마이스터고등학교,7140392,고등학교,전남광주통합특별시(광주),https://www.g2b.go.kr/link/FIUA027_01/single/?ctrtNo=20240707885_5&ctrtChgOrd=00&prcmBsneSeCd=조070003&srchName=ctrtCrst&openUrl=Y
2024070184677,기술용역,인공지능 융합교육과정 이끎학교 운영,2024-07-10,6140000,충청남도천안교육청 천안서여자중학교,천안서여자중학교,8151030,중학교,충청남도,https://www.g2b.go.kr/link/FIUA027_01/single/?ctrtNo=202407078AA_5&ctrtChgOrd=00&prcmBsneSeCd=조070003&srchName=ctrtCrst&openUrl=Y
2024070211214,기술용역,단원중 클래스팅 AI 코스웨어 사용 용역계약,2024-07-15,18216000,경기도교육청 경기도안산교육청 단원중학교,단원중학교,7611120,중학교,경기도,https://www.g2b.go.kr/link/FIUA027_01/single/?ctrtNo=202407081D4_5&ctrtChgOrd=00&prcmBsneSeCd=조070003&srchName=ctrtCrst&openUrl=Y
2024070212300,기술용역,순천고등학교 AI교실 구축 전기통신공사 설계용역,2024-07-11,2957000,전라남도교육청 순천고등학교,순천고등학교,7140307,고등학교,전남광주통합특별시(전남),https://www.g2b.go.kr/link/FIUA027_01/single/?ctrtNo=20240506F0D_5&ctrtChgOrd=01&prcmBsneSeCd=조070003&srchName=ctrtCrst&openUrl=Y
2024070219847,기술용역,2024년 3학년 학교 자율과정 인공지능과 데이터 기술을 활용한 기업가 정신 프로그램 운영 계약,2024-07-15,550000,경기도교육청 과천중앙고등학교,과천중앙고등학교,7530469,고등학교,경기도,https://www.g2b.go.kr/link/FIUA027_01/single/?ctrtNo=2024070875D_5&ctrtChgOrd=00&prcmBsneSeCd=조070003&srchName=ctrtCrst&openUrl=Y
2024070221325,기술용역,안산강서고 생성형 인공지능을 활용한 융합 주제 탐구 캠프,2024-07-10,1114400,경기도교육청 안산강서고등학교,안산강서고등학교,7530182,고등학교,경기도,https://www.g2b.go.kr/link/FIUA027_01/single/?ctrtNo=20240611EA7_5&ctrtChgOrd=01&prcmBsneSeCd=조070003&srchName=ctrtCrst&openUrl=Y
2024070224687,기술용역,2024학년도 SW마이스터고 연합 토크 콘서트 행사 위탁 용역 계약,2024-07-11,24500000,대전광역시교육청 대덕소프트웨어마이스터고등학교,대덕소프트웨어마이스터고등학교,7430310,고등학교,대전광역시,https://www.g2b.go.kr/link/FIUA027_01/single/?ctrtNo=20240708BC7_5&ctrtChgOrd=00&prcmBsneSeCd=조070003&srchName=ctrtCrst&openUrl=Y
2024070227540,기술용역,"미래형교실, AI융합교실구성 및 강당마루보수공사(건축) 감리 계약 체결",2024-07-12,2486000,인천광역시교육청 삼산고등학교,삼산고등학교,7310190,고등학교,인천광역시,https://www.g2b.go.kr/link/FIUA027_01/single/?ctrtNo=20240708DD5_5&ctrtChgOrd=00&prcmBsneSeCd=조070003&srchName=ctrtCrst&openUrl=Y
2024070228252,기술용역,2024학년도 SW마이스터고 연합 토크콘서트 운영 위탁 용역,2024-07-11,24500000,부산광역시교육청 부산소프트웨어마이스터고등학교,부산소프트웨어마이스터고등학교,7150658,고등학교,부산광역시,https://www.g2b.go.kr/link/FIUA027_01/single/?ctrtNo=20240708E5B_5&ctrtChgOrd=00&prcmBsneSeCd=조070003&srchName=ctrtCrst&openUrl=Y
2024070229119,기술용역,2024년 AI창의교육캠프 운영 버스 임차 계약,2024-07-12,990000,경기도교육청 지평고등학교,지평고등학교,7530648,고등학교,경기도,https://www.g2b.go.kr/link/FIUA027_01/single/?ctrtNo=20240708FE2_5&ctrtChgOrd=00&prcmBsneSeCd=조070003&srchName=ctrtCrst&openUrl=Y
2024070248696,기술용역,2024학년도 1학년 대상 생성형 AI 활용 교육 프로그램 운영 용역,2024-07-12,6750000,경기도교육청 장곡고등학교,장곡고등학교,7530476,고등학교,경기도,https://www.g2b.go.kr/link/FIUA027_01/single/?ctrtNo=20240709409_5&ctrtChgOrd=00&prcmBsneSeCd=조070003&srchName=ctrtCrst&openUrl=Y
2024070248711,기술용역,공도중 디지털 기반 교육혁신 선도학교 메타버스 구축 용역 계약,2024-07-15,15000000,경기도안성교육청 공도중학교,공도중학교,7761004,중학교,경기도,https://www.g2b.go.kr/link/FIUA027_01/single/?ctrtNo=20240709419_5&ctrtChgOrd=00&prcmBsneSeCd=조070003&srchName=ctrtCrst&openUrl=Y
2024070258760,기술용역,대광중학교 AI교실 환경개선공사 설계용역,2024-07-12,8120000,서울특별시동부교육청 대광중학교,대광중학교,7021124,중학교,서울특별시,https://www.g2b.go.kr/link/FIUA027_01/single/?ctrtNo=2024040B3BC_5&ctrtChgOrd=01&prcmBsneSeCd=조070003&srchName=ctrtCrst&openUrl=Y
2024070259129,기술용역,대광중학교 AI교실 환경개선공사 전기설계용역,2024-07-12,3700000,서울특별시동부교육청 대광중학교,대광중학교,7021124,중학교,서울특별시,https://www.g2b.go.kr/link/FIUA027_01/single/?ctrtNo=2024040B51E_5&ctrtChgOrd=01&prcmBsneSeCd=조070003&srchName=ctrtCrst&openUrl=Y
2024070260096,기술용역,AI 정보교육 중심학교 여름방학 캠프운영 계약,2024-07-15,5950000,경기도교육청 경기도안산교육지원청 슬기초등학교,슬기초등학교,7611056,초등학교,경기도,https://www.g2b.go.kr/link/FIUA027_01/single/?ctrtNo=20240709B4A_5&ctrtChgOrd=00&prcmBsneSeCd=조070003&srchName=ctrtCrst&openUrl=Y
2024070263279,기술용역,단원중 코드모스 AI 코스웨어(정보) 사용 용역계약,2024-07-16,6500000,경기도교육청 경기도안산교육청 단원중학교,단원중학교,7611120,중학교,경기도,https://www.g2b.go.kr/link/FIUA027_01/single/?ctrtNo=20240709DC2_5&ctrtChgOrd=00&prcmBsneSeCd=조070003&srchName=ctrtCrst&openUrl=Y
2024070290014,기술용역,2024학년도 자율적 교육과정(미래채움 소프트웨어)프로그램 운영 위탁 계약,2024-07-16,5000000,인천광역시교육청 인천상정고등학교,인천상정고등학교,7310342,고등학교,인천광역시,https://www.g2b.go.kr/link/FIUA027_01/single/?ctrtNo=2024070A532_5&ctrtChgOrd=00&prcmBsneSeCd=조070003&srchName=ctrtCrst&openUrl=Y
2024070290351,기술용역,AI맞춤형 온라인 학습콘텐츠 프로그램,,16590000,전라남도화순교육청 아산초등학교,아산초등학교,,,,https://www.g2b.go.kr/link/FIUA027_01/single/?ctrtNo=2024070A61D_5&ctrtChgOrd=00&prcmBsneSeCd=조070003&srchName=ctrtCrst&openUrl=Y
2024070290524,기술용역,한성과학고등학교 SW·AI 글로벌 리서치 프로그램 운영 위탁용역,2024-07-15,61765000,서울특별시교육청 한성과학고등학교,한성과학고등학교,7010115,고등학교,서울특별시,https://www.g2b.go.kr/link/FIUA027_01/single/?ctrtNo=2024070A684_5&ctrtChgOrd=00&prcmBsneSeCd=조070003&srchName=ctrtCrst&openUrl=Y
2024070292602,기술용역,2024. AI맞춤형 온라인 학습콘텐츠 프로그램,2024-03-01,16590000,전라남도화순교육청 아산초등학교,아산초등학교,,,,https://www.g2b.go.kr/link/FIUA027_01/single/?ctrtNo=2024070ABC7_5&ctrtChgOrd=00&prcmBsneSeCd=조070003&srchName=ctrtCrst&openUrl=Y
2024070294992,기술용역,인공지능(AI) 융합 진로 캠프 위탁 용역 계약,2024-07-16,21348000,충청남도교육청 천안오성고등학교,천안오성고등학교,8140246,고등학교,충청남도,https://www.g2b.go.kr/link/FIUA027_01/single/?ctrtNo=2024070B17F_5&ctrtChgOrd=00&prcmBsneSeCd=조070003&srchName=ctrtCrst&openUrl=Y
2024070310661,기술용역,2024학년도 1학년 MBTI직업 히어로 코스웨어 체험 용역,2024-07-16,650000,경기도교육청 동안고등학교,동안고등학교,7530063,고등학교,경기도,https://www.g2b.go.kr/link/FIUA027_01/single/?ctrtNo=2024070B6FF_5&ctrtChgOrd=00&prcmBsneSeCd=조070003&srchName=ctrtCrst&openUrl=Y
2024070312087,기술용역,2024학년도 인화여고 코딩부 동아리 서울퓨처랩 로보틱스 체험학습 버스임차 용역,2024-07-17,440000,인천광역시교육청 인화여자고등학교,인화여자고등학교,7310063,고등학교,인천광역시,https://www.g2b.go.kr/link/FIUA027_01/single/?ctrtNo=2024070BA4C_5&ctrtChgOrd=00&prcmBsneSeCd=조070003&srchName=ctrtCrst&openUrl=Y
2024070312611,기술용역,2024학년도 학교자율과정 AI융합 인성프로그램 운영,2024-07-17,6797400,경기도교육청 송내고등학교,송내고등학교,7530617,고등학교,경기도,https://www.g2b.go.kr/link/FIUA027_01/single/?ctrtNo=2024070174F_5&ctrtChgOrd=01&prcmBsneSeCd=조070003&srchName=ctrtCrst&openUrl=Y
2024070312794,기술용역,2학기 학생코딩 및 인공지능(AI)교육 강의,2024-07-27,2400000,서울특별시교육청 강서고등학교,강서고등학교,7010118,고등학교,서울특별시,https://www.g2b.go.kr/link/FIUA027_01/single/?ctrtNo=2024070BC4D_5&ctrtChgOrd=00&prcmBsneSeCd=조070003&srchName=ctrtCrst&openUrl=Y
2024070314489,기술용역,2024학년도 AI캠프 프로그램 운영 계약,2024-07-19,4428000,경기도교육청 정왕고등학교,정왕고등학교,7530120,고등학교,경기도,https://www.g2b.go.kr/link/FIUA027_01/single/?ctrtNo=2024070C04F_5&ctrtChgOrd=00&prcmBsneSeCd=조070003&srchName=ctrtCrst&openUrl=Y
2024070333341,기술용역,2024학년도 AI학생자율동아리 현장체험학습 전세버스 임차용역,2024-07-17,400000,충청남도교육청 천안제일고등학교,천안제일고등학교,8140259,고등학교,충청남도,https://www.g2b.go.kr/link/FIUA027_01/single/?ctrtNo=2024070CC95_5&ctrtChgOrd=00&prcmBsneSeCd=조070003&srchName=ctrtCrst&openUrl=Y
2024070333861,기술용역,인공지능 연계 발명품 전시회 버스 임차 용역 계약,2024-07-17,880000,인천광역시교육청 명신여자고등학교,명신여자고등학교,7310072,고등학교,인천광역시,https://www.g2b.go.kr/link/FIUA027_01/single/?ctrtNo=2024070CDE8_5&ctrtChgOrd=00&prcmBsneSeCd=조070003&srchName=ctrtCrst&openUrl=Y
2024070361924,기술용역,2024. 순천제일고 에듀테크 활용 스마트 교육시스템 구축을 위한 클라우드 운영,2024-07-22,15496000,전라남도교육청 순천제일고등학교,순천제일고등학교,7140208,고등학교,전남광주통합특별시(전남),https://www.g2b.go.kr/link/FIUA027_01/single/?ctrtNo=2024070E5A7_5&ctrtChgOrd=00&prcmBsneSeCd=조070003&srchName=ctrtCrst&openUrl=Y
2024070361956,기술용역,"학교자율과정(스마트쳇 히어로,인공지능 히어로)프로그램 체험활동 계약",2024-07-15,1820000,경기도교육청 창현고등학교,창현고등학교,7530208,고등학교,경기도,https://www.g2b.go.kr/link/FIUA027_01/single/?ctrtNo=2024070E5C9_5&ctrtChgOrd=00&prcmBsneSeCd=조070003&srchName=ctrtCrst&openUrl=Y
2024070378410,기술용역,2024 세계 AI 로봇 스포츠 한마당 참가를 위한 차량 임차,2024-07-19,880000,충청남도교육청 온양고등학교,온양고등학교,8140061,고등학교,충청남도,https://www.g2b.go.kr/link/FIUA027_01/single/?ctrtNo=2024070EB3E_5&ctrtChgOrd=00&prcmBsneSeCd=조070003&srchName=ctrtCrst&openUrl=Y
2024070379031,기술용역,동아여고 AI팩토리(미래교실) 환경개선공사 설계용역,2024-07-19,5278500,광주광역시교육청 동아여자고등학교,동아여자고등학교,7140344,고등학교,전남광주통합특별시(광주),https://www.g2b.go.kr/link/FIUA027_01/single/?ctrtNo=2024070EB9F_5&ctrtChgOrd=00&prcmBsneSeCd=조070003&srchName=ctrtCrst&openUrl=Y
2024070379601,기술용역,2024학년도 부산기계공고 AI특화교육 해외연수(싱가포르) 위탁 용역(수정),2024-07-19,74900000,중소벤처기업부 부산기계공업고등학교,부산기계공업고등학교,1421117,고등학교,부산광역시,https://www.g2b.go.kr/link/FIUA027_01/single/?ctrtNo=2024060F478_5&ctrtChgOrd=01&prcmBsneSeCd=조070003&srchName=ctrtCrst&openUrl=Y
2024070383569,기술용역,논산대건고등학교 세계AI 로봇 스포츠 한마당 참여,2024-07-19,1320000,충청남도교육청 논산대건고등학교,논산대건고등학교,8140085,고등학교,충청남도,https://www.g2b.go.kr/link/FIUA027_01/single/?ctrtNo=2024070F0F8_5&ctrtChgOrd=00&prcmBsneSeCd=조070003&srchName=ctrtCrst&openUrl=Y
2024070383681,기술용역,AI교실 구축 및 관리실등 환경개선 감리용역,2024-07-19,1000000,서울특별시동작교육청 서울신성초등학교,서울신성초등학교,7132109,초등학교,서울특별시,https://www.g2b.go.kr/link/FIUA027_01/single/?ctrtNo=2024070F151_5&ctrtChgOrd=00&prcmBsneSeCd=조070003&srchName=ctrtCrst&openUrl=Y
2024070384909,기술용역,2024학년도 디지털기반 교육혁신 선도학교 에듀프로 AI 코스웨어  PC버전 라이센스 사용 임차 용역 계약,2024-07-23,13650000,경기도교육청 경기도시흥교육지원청 시흥능곡초등학교,시흥능곡초등학교,7781101,초등학교,경기도,https://www.g2b.go.kr/link/FIUA027_01/single/?ctrtNo=2024070F419_5&ctrtChgOrd=00&prcmBsneSeCd=조070003&srchName=ctrtCrst&openUrl=Y
2024070408467,기술용역,2024 서울문영여중 3학년 전자칠판 및 AI 교실 환경개선 건축공사 설계용역,,3000000,서울특별시교육청 서울특별시동작관악교육지원청 서울문영여자중학교,서울문영여자중학교,7132145,중학교,서울특별시,https://www.g2b.go.kr/link/FIUA027_01/single/?ctrtNo=2024070FB3F_5&ctrtChgOrd=00&prcmBsneSeCd=조070003&srchName=ctrtCrst&openUrl=Y
2024070411426,기술용역,2024년 IB캠프 인공지능뉴미디어연수교육,2024-07-22,20400000,경기도교육청 경기외국어고등학교,경기외국어고등학교,7530909,고등학교,경기도,https://www.g2b.go.kr/link/FIUA027_01/single/?ctrtNo=2024071018A_5&ctrtChgOrd=00&prcmBsneSeCd=조070003&srchName=ctrtCrst&openUrl=Y
2024070411664,기술용역,2024 정산중학교 여름방학 인공지능 캠프 차량 임차용역,2024-07-23,950000,충청남도청양교육청 정산중학교,정산중학교,8251005,중학교,충청남도,https://www.g2b.go.kr/link/FIUA027_01/single/?ctrtNo=20240710233_5&ctrtChgOrd=00&prcmBsneSeCd=조070003&srchName=ctrtCrst&openUrl=Y
2024070412349,기술용역,2024 서울문영여중 3학년 전자칠판 및 AI 교실 환경개선 건축공사 설계용역,2024-07-19,3000000,서울특별시교육청 서울특별시동작관악교육지원청 서울문영여자중학교,서울문영여자중학교,7132145,중학교,서울특별시,https://www.g2b.go.kr/link/FIUA027_01/single/?ctrtNo=202407103DC_5&ctrtChgOrd=00&prcmBsneSeCd=조070003&srchName=ctrtCrst&openUrl=Y
2024070414688,기술용역,봉화초등학교 메타버스 구축,2024-07-24,9900000,경상북도봉화교육청 봉화초등학교,봉화초등학교,8961032,초등학교,경상북도,https://www.g2b.go.kr/link/FIUA027_01/single/?ctrtNo=202407108FF_5&ctrtChgOrd=00&prcmBsneSeCd=조070003&srchName=ctrtCrst&openUrl=Y
2024070436900,기술용역,2024학년도 방과후학교 운영관리 플랫폼 코디마스터 사용 계약,2024-07-24,693000,경기도용인교육청 수지초등학교,수지초등학교,7751096,초등학교,경기도,https://www.g2b.go.kr/link/FIUA027_01/single/?ctrtNo=20240710FF2_5&ctrtChgOrd=00&prcmBsneSeCd=조070003&srchName=ctrtCrst&openUrl=Y
2024070448289,기술용역,백신초등학교 AI복합놀이공간 조성 공사 폐기물처리,2024-07-25,10890000,경기도교육청 경기도고양교육지원청 백신초등학교,백신초등학교,7621064,초등학교,경기도,https://www.g2b.go.kr/link/FIUA027_01/single/?ctrtNo=20240711BE9_5&ctrtChgOrd=00&prcmBsneSeCd=조070003&srchName=ctrtCrst&openUrl=Y
2024070448304,기술용역,백신초등학교 AI복합놀이공간 조성 공사 감리,2024-07-25,4500000,경기도교육청 경기도고양교육지원청 백신초등학교,백신초등학교,7621064,초등학교,경기도,https://www.g2b.go.kr/link/FIUA027_01/single/?ctrtNo=20240711C01_5&ctrtChgOrd=00&prcmBsneSeCd=조070003&srchName=ctrtCrst&openUrl=Y
2024070448468,기술용역,백신초등학교 AI복합놀이공간 조성 공사 기술지도,2024-07-25,1000000,경기도교육청 경기도고양교육지원청 백신초등학교,백신초등학교,7621064,초등학교,경기도,https://www.g2b.go.kr/link/FIUA027_01/single/?ctrtNo=20240711C53_5&ctrtChgOrd=00&prcmBsneSeCd=조070003&srchName=ctrtCrst&openUrl=Y
2024070481043,기술용역,대광중학교 AI교실 환경개선공사 감리용역,2024-07-25,2790000,서울특별시동부교육청 대광중학교,대광중학교,7021124,중학교,서울특별시,https://www.g2b.go.kr/link/FIUA027_01/single/?ctrtNo=20240712932_5&ctrtChgOrd=00&prcmBsneSeCd=조070003&srchName=ctrtCrst&openUrl=Y
2024070482577,기술용역,광운인공지능고등학교 다목적관(탐구관) 화장실 환경개선공사 건축설계용역,2024-07-24,11342000,서울특별시교육청 광운인공지능고등학교,광운인공지능고등학교,7011505,고등학교,서울특별시,https://www.g2b.go.kr/link/FIUA027_01/single/?ctrtNo=20240712AD8_5&ctrtChgOrd=00&prcmBsneSeCd=조070003&srchName=ctrtCrst&openUrl=Y
2024070483374,기술용역,광운인공지능고등학교 다목적관(탐구관) 화장실 환경개선공사 전기설계용역,2024-07-24,3659000,서울특별시교육청 광운인공지능고등학교,광운인공지능고등학교,7011505,고등학교,서울특별시,https://www.g2b.go.kr/link/FIUA027_01/single/?ctrtNo=20240712B84_5&ctrtChgOrd=00&prcmBsneSeCd=조070003&srchName=ctrtCrst&openUrl=Y
2024070510646,기술용역,수강관리시스템 플랫폼 서버 관리 운영 및 웹 유지 관리 용역,2024-07-24,10200000,세종특별자치시교육청 세종과학예술영재학교,세종과학예술영재학교,9300181,고등학교,세종특별자치시,https://www.g2b.go.kr/link/FIUA027_01/single/?ctrtNo=2024030F420_5&ctrtChgOrd=01&prcmBsneSeCd=조070003&srchName=ctrtCrst&openUrl=Y
2024070550204,기술용역,2024학년도 해외 AI 부스 운영 및 문화 테마체험학습 위탁용역,2024-07-26,156000000,충청남도교육청 천안여자고등학교,천안여자고등학교,8140069,고등학교,충청남도,https://www.g2b.go.kr/link/FIUA027_01/single/?ctrtNo=202407147F5_5&ctrtChgOrd=00&prcmBsneSeCd=조070003&srchName=ctrtCrst&openUrl=Y
2024070590711,기술용역,정천초 AI·SW 위탁교육 계약,2024-07-29,9534000,경기도수원교육청 정천초등학교,정천초등학교,7541112,초등학교,경기도,https://www.g2b.go.kr/link/FIUA027_01/single/?ctrtNo=20240715241_5&ctrtChgOrd=00&prcmBsneSeCd=조070003&srchName=ctrtCrst&openUrl=Y
2024070609852,기술용역,"대덕소프트웨어마이스터고등학교 2024학년도 정수기, 음수기, 물끓이기 유지보수 용역(변경)",2024-07-29,6171000,대전광역시교육청 대덕소프트웨어마이스터고등학교,대덕소프트웨어마이스터고등학교,7430310,고등학교,대전광역시,https://www.g2b.go.kr/link/FIUA027_01/single/?ctrtNo=20242204165_5&ctrtChgOrd=01&prcmBsneSeCd=조070003&srchName=ctrtCrst&openUrl=Y
2024070618254,기술용역,2024년도 Microsoft 라이센스 사용 계약,2024-08-01,5197500,인천광역시교육청 인천포스코고등학교,인천포스코고등학교,7310447,고등학교,인천광역시,https://www.g2b.go.kr/link/FIUA027_01/single/?ctrtNo=202407169BD_5&ctrtChgOrd=00&prcmBsneSeCd=조070003&srchName=ctrtCrst&openUrl=Y
2024070619281,기술용역,2024학년도 서울인공지능고등학교 2학년 소규모테마형교육여행 위탁용역,2024-07-31,59866020,서울특별시교육청 서울인공지능고등학교,서울인공지능고등학교,7011498,고등학교,서울특별시,https://www.g2b.go.kr/link/FIUA027_01/single/?ctrtNo=202407010FA_5&ctrtChgOrd=01&prcmBsneSeCd=조070003&srchName=ctrtCrst&openUrl=Y
2024070633672,기술용역,체험형 AI행사 참여 차량 임차,2024-08-01,500000,경기도교육청 평촌경영고등학교,평촌경영고등학교,7531049,고등학교,경기도,https://www.g2b.go.kr/link/FIUA027_01/single/?ctrtNo=202407172F7_5&ctrtChgOrd=00&prcmBsneSeCd=조070003&srchName=ctrtCrst&openUrl=Y
2024070636447,기술용역,원주의료고 의료기기소프트웨어 개발실 환경개선 공사 설계 용역,2024-08-01,10733360,강원특별자치도교육청 원주의료고등학교,원주의료고등학교,,,,https://www.g2b.go.kr/link/FIUA027_01/single/?ctrtNo=202407178C3_5&ctrtChgOrd=00&prcmBsneSeCd=조070003&srchName=ctrtCrst&openUrl=Y
2024070637551,기술용역,광운인공지능고 24년 중소기업 특성화고 인력양성사업 국외 연수 위탁용역,2024-08-01,18976000,서울특별시교육청 광운인공지능고등학교,광운인공지능고등학교,7011505,고등학교,서울특별시,https://www.g2b.go.kr/link/FIUA027_01/single/?ctrtNo=20240717B13_5&ctrtChgOrd=00&prcmBsneSeCd=조070003&srchName=ctrtCrst&openUrl=Y
2024080014718,기술용역,인공지능(AI) 융합 진로 캠프 위탁 용역 계약,2024-07-31,21083540,충청남도교육청 천안오성고등학교,천안오성고등학교,8140246,고등학교,충청남도,https://www.g2b.go.kr/link/FIUA027_01/single/?ctrtNo=2024070B17F_5&ctrtChgOrd=01&prcmBsneSeCd=조070003&srchName=ctrtCrst&openUrl=Y
2024080014938,기술용역,환서중학교 2024학년 AI 학생자율동아리 충남도청 견학 전세버스 임차 용역,2024-08-01,385000,충청남도교육청 충청남도천안교육지원청 환서중학교,환서중학교,8151228,중학교,충청남도,https://www.g2b.go.kr/link/FIUA027_01/single/?ctrtNo=20240800837_5&ctrtChgOrd=00&prcmBsneSeCd=조070003&srchName=ctrtCrst&openUrl=Y
2024080017332,기술용역,2024학년도 해외 AI 부스 운영 및 문화 테마체험학습 위탁용역,2024-07-30,156000000,충청남도교육청 천안여자고등학교,천안여자고등학교,8140069,고등학교,충청남도,https://www.g2b.go.kr/link/FIUA027_01/single/?ctrtNo=202407147F5_5&ctrtChgOrd=01&prcmBsneSeCd=조070003&srchName=ctrtCrst&openUrl=Y
2024080027964,기술용역,2024학년도 AI 활용 스마트교육(코딩) 계약,2024-08-07,12496000,서울특별시교육청 서울특별시동부교육지원청 서울새솔초등학교,서울새솔초등학교,7021181,초등학교,서울특별시,https://www.g2b.go.kr/link/FIUA027_01/single/?ctrtNo=20240801076_5&ctrtChgOrd=00&prcmBsneSeCd=조070003&srchName=ctrtCrst&openUrl=Y
2024080046169,기술용역,2024학년도 인공지능 활동을 위한 AI Lab캠프 교육 위탁,2024-08-05,1970000,충청남도교육청 서야고등학교,서야고등학교,8140090,고등학교,충청남도,https://www.g2b.go.kr/link/FIUA027_01/single/?ctrtNo=20240802449_5&ctrtChgOrd=00&prcmBsneSeCd=조070003&srchName=ctrtCrst&openUrl=Y
2024080064968,기술용역,천안업성고등학교 제주도 인공지능 캠프 위탁용역,2024-08-09,21990700,충청남도교육청 천안업성고등학교,천안업성고등학교,8140253,고등학교,충청남도,https://www.g2b.go.kr/link/FIUA027_01/single/?ctrtNo=202408029B7_5&ctrtChgOrd=00&prcmBsneSeCd=조070003&srchName=ctrtCrst&openUrl=Y
2024080065210,기술용역,"자유학기 주제선택(AI과학탐구, AI수학탐구) 프로그램 용역 계약",2024-08-12,5200000,대구광역시동부교육청 덕화중학교,덕화중학교,7251028,중학교,대구광역시,https://www.g2b.go.kr/link/FIUA027_01/single/?ctrtNo=20240802A23_5&ctrtChgOrd=00&prcmBsneSeCd=조070003&srchName=ctrtCrst&openUrl=Y
2024080069466,기술용역,송도중학교 미래교실 및 AI중심학교 공간구축 인테리어공사 설계용역,2024-08-07,5750000,인천광역시남부교육청 송도중학교,송도중학교,7321094,중학교,인천광역시,https://www.g2b.go.kr/link/FIUA027_01/single/?ctrtNo=202408033A4_5&ctrtChgOrd=00&prcmBsneSeCd=조070003&srchName=ctrtCrst&openUrl=Y
2024080095348,기술용역,컴퓨터1실 하드복원소프트웨어 설치,2024-08-12,1980000,경기도교육청 경기도화성오산교육지원청 한백초등학교,한백초등학교,7679335,초등학교,경기도,https://www.g2b.go.kr/link/FIUA027_01/single/?ctrtNo=20240803F52_5&ctrtChgOrd=00&prcmBsneSeCd=조070003&srchName=ctrtCrst&openUrl=Y
2024080146881,기술용역,순천삼산중 AI교실 구축공사 설계 용역,2024-08-12,5765400,전라남도순천교육청 순천삼산중학교,순천삼산중학교,8522006,중학교,전남광주통합특별시(전남),https://www.g2b.go.kr/link/FIUA027_01/single/?ctrtNo=202408056FD_5&ctrtChgOrd=00&prcmBsneSeCd=조070003&srchName=ctrtCrst&openUrl=Y
2024080190913,기술용역,2024학년도 2학기 AI융합교육 프로그램 용역 계약,2024-08-13,19900000,인천광역시교육청 삼산고등학교,삼산고등학교,7310190,고등학교,인천광역시,https://www.g2b.go.kr/link/FIUA027_01/single/?ctrtNo=20240806EE5_5&ctrtChgOrd=00&prcmBsneSeCd=조070003&srchName=ctrtCrst&openUrl=Y
2024080194088,기술용역,2024학년도 SW마이스터고 연합 해커톤 행사 운영 위탁 용역 계약,2024-08-13,29500000,대전광역시교육청 대덕소프트웨어마이스터고등학교,대덕소프트웨어마이스터고등학교,7430310,고등학교,대전광역시,https://www.g2b.go.kr/link/FIUA027_01/single/?ctrtNo=2024080706B_5&ctrtChgOrd=00&prcmBsneSeCd=조070003&srchName=ctrtCrst&openUrl=Y
2024080194364,기술용역,2024학년도 AI 마스터 클래스 프로그램 용역,2024-08-13,4000000,경기도교육청 세경고등학교,세경고등학교,7530947,고등학교,경기도,https://www.g2b.go.kr/link/FIUA027_01/single/?ctrtNo=2024080708A_5&ctrtChgOrd=00&prcmBsneSeCd=조070003&srchName=ctrtCrst&openUrl=Y
2024080194872,기술용역,DBpia  학술논문 플랫폼 활용을 위한 논문서비스 이용  용역 계약,2024-08-14,1090000,경기도교육청 광명북고등학교,광명북고등학교,7530051,고등학교,경기도,https://www.g2b.go.kr/link/FIUA027_01/single/?ctrtNo=202408070E2_5&ctrtChgOrd=00&prcmBsneSeCd=조070003&srchName=ctrtCrst&openUrl=Y
2024080197283,기술용역,2024학년도 선유초 소프트웨어 위탁교육 용역,2024-08-20,15000000,서울특별시교육청 서울특별시남부교육청 서울선유초등학교,서울선유초등학교,7041133,초등학교,서울특별시,https://www.g2b.go.kr/link/FIUA027_01/single/?ctrtNo=20240807261_5&ctrtChgOrd=00&prcmBsneSeCd=조070003&srchName=ctrtCrst&openUrl=Y
2024080200967,기술용역,인천하정초등학교 2024학년도 방과후학교 운영관리 플랫폼 코디마스터 계약,2024-08-19,330000,인천광역시북부교육청 인천하정초등학교,인천하정초등학교,7331049,초등학교,인천광역시,https://www.g2b.go.kr/link/FIUA027_01/single/?ctrtNo=20240807A24_5&ctrtChgOrd=00&prcmBsneSeCd=조070003&srchName=ctrtCrst&openUrl=Y
2024080212299,기술용역,인천창영초등학교 소프트웨어 교육 용역 계약,2024-08-14,8000000,인천광역시남부교육청 인천창영초등학교,인천창영초등학교,7321054,초등학교,인천광역시,https://www.g2b.go.kr/link/FIUA027_01/single/?ctrtNo=20240807DBF_5&ctrtChgOrd=00&prcmBsneSeCd=조070003&srchName=ctrtCrst&openUrl=Y
2024080213616,기술용역,2024년 인공지능 및 응용 워크숍 참석을 위한 버스 임차,2024-08-14,1300000,경기도교육청 경기과학고등학교,경기과학고등학교,7530045,고등학교,경기도,https://www.g2b.go.kr/link/FIUA027_01/single/?ctrtNo=2024080805D_5&ctrtChgOrd=00&prcmBsneSeCd=조070003&srchName=ctrtCrst&openUrl=Y
2024080216619,기술용역,2024 동두천중학교 D-점-프 학생 축제 필요 장비(스포츠 AI문화체험) 설치대여,2024-08-20,2750000,경기도동두천교육청 동두천중학교,동두천중학교,7602030,중학교,경기도,https://www.g2b.go.kr/link/FIUA027_01/single/?ctrtNo=2024080867D_5&ctrtChgOrd=00&prcmBsneSeCd=조070003&srchName=ctrtCrst&openUrl=Y
2024080229622,기술용역,"인천인동초등학교 5,6학년 코딩교육 용역 계약",2024-08-19,5200000,인천광역시동부교육청 인천인동초등학교,인천인동초등학교,7341052,초등학교,인천광역시,https://www.g2b.go.kr/link/FIUA027_01/single/?ctrtNo=20240808D14_5&ctrtChgOrd=00&prcmBsneSeCd=조070003&srchName=ctrtCrst&openUrl=Y
2024080229622,기술용역,"인천인동초등학교 5,6학년 코딩교육 용역 계약",2024-08-19,5200000,인동초등학교,인동초등학교,8801122,초등학교,경상북도,https://www.g2b.go.kr/link/FIUA027_01/single/?ctrtNo=20240808D14_5&ctrtChgOrd=00&prcmBsneSeCd=조070003&srchName=ctrtCrst&openUrl=Y
2024080229888,기술용역,신진과학기술고등학교 인공지능자동화과 도제학교 도제마인드 함양 연수 위탁 용역,2024-08-16,17037600,서울특별시교육청 신진과학기술고등학교,신진과학기술고등학교,7011316,고등학교,서울특별시,https://www.g2b.go.kr/link/FIUA027_01/single/?ctrtNo=2024070583C_5&ctrtChgOrd=01&prcmBsneSeCd=조070003&srchName=ctrtCrst&openUrl=Y
2024080230786,기술용역,2024년도 유현초등학교 3~6학년 SW교육프로그램 운영계약,2024-08-19,7020000,경기도김포교육청 유현초등학교,유현초등학교,7771032,초등학교,경기도,https://www.g2b.go.kr/link/FIUA027_01/single/?ctrtNo=20240808F8E_5&ctrtChgOrd=00&prcmBsneSeCd=조070003&srchName=ctrtCrst&openUrl=Y
2024080233543,기술용역,2024학년도 동광중 인공지능 히어로 진로 프로그램 용역 계약,2024-08-19,1890000,경기도교육청 경기도성남교육지원청 동광중학교,동광중학교,7551251,중학교,경기도,https://www.g2b.go.kr/link/FIUA027_01/single/?ctrtNo=20240809516_5&ctrtChgOrd=00&prcmBsneSeCd=조070003&srchName=ctrtCrst&openUrl=Y
2024080243682,기술용역,보평중학교 2학년 인공지능 히어로 진로체험,2024-08-19,3276000,경기도교육청 경기도성남교육청 보평중학교,보평중학교,7551156,중학교,경기도,https://www.g2b.go.kr/link/FIUA027_01/single/?ctrtNo=20240809799_5&ctrtChgOrd=00&prcmBsneSeCd=조070003&srchName=ctrtCrst&openUrl=Y
2024080244196,기술용역,수학의 날 인공지능 연계 심화활동 운영 계약건,2024-08-20,2000000,경기도교육청 세교고등학교,세교고등학교,7531046,고등학교,경기도,https://www.g2b.go.kr/link/FIUA027_01/single/?ctrtNo=20240809894_5&ctrtChgOrd=00&prcmBsneSeCd=조070003&srchName=ctrtCrst&openUrl=Y
2024080247150,기술용역,2024학년도 SW마이스터고 연합 해커톤 행사 위탁 용역,2024-08-19,29500000,대구광역시교육청 대구소프트웨어마이스터고등학교,대구소프트웨어마이스터고등학교,7240454,고등학교,대구광역시,https://www.g2b.go.kr/link/FIUA027_01/single/?ctrtNo=20240809ECF_5&ctrtChgOrd=00&prcmBsneSeCd=조070003&srchName=ctrtCrst&openUrl=Y
2024080248485,기술용역,2024학년도 SW마이스터고 연합 해커톤 행사 운영 위탁 용역,2024-08-19,29500000,부산광역시교육청 부산소프트웨어마이스터고등학교,부산소프트웨어마이스터고등학교,7150658,고등학교,부산광역시,https://www.g2b.go.kr/link/FIUA027_01/single/?ctrtNo=2024080A178_5&ctrtChgOrd=00&prcmBsneSeCd=조070003&srchName=ctrtCrst&openUrl=Y
2024080250019,기술용역,대광중학교 AI교실 환경개선공사 감리용역,2024-08-19,2790000,서울특별시동부교육청 대광중학교,대광중학교,7021124,중학교,서울특별시,https://www.g2b.go.kr/link/FIUA027_01/single/?ctrtNo=20240712932_5&ctrtChgOrd=01&prcmBsneSeCd=조070003&srchName=ctrtCrst&openUrl=Y
2024080265536,기술용역,2024 인공지능 중학교 사업 인공지능 아카데미 체험 버스 임차,2024-08-20,330000,충청남도아산교육청 온양한올중학교,온양한올중학교,,,,https://www.g2b.go.kr/link/FIUA027_01/single/?ctrtNo=2024080A8A2_5&ctrtChgOrd=00&prcmBsneSeCd=조070003&srchName=ctrtCrst&openUrl=Y
2024080268387,기술용역,"대덕소프트웨어마이스터고등학교 2024학년도 정수기, 음수기, 물끓이기 유지보수 용역(변경 2차)",2024-08-20,6085200,대전광역시교육청 대덕소프트웨어마이스터고등학교,대덕소프트웨어마이스터고등학교,7430310,고등학교,대전광역시,https://www.g2b.go.kr/link/FIUA027_01/single/?ctrtNo=20242204165_5&ctrtChgOrd=02&prcmBsneSeCd=조070003&srchName=ctrtCrst&openUrl=Y
2024080269125,기술용역,2024학년도 송내중앙중  AI코스웨어 프로그램 계약,2024-08-30,9540000,경기도교육청 경기도동두천양주교육청 송내중앙중학교,송내중앙중학교,7602099,중학교,경기도,https://www.g2b.go.kr/link/FIUA027_01/single/?ctrtNo=2024080B009_5&ctrtChgOrd=00&prcmBsneSeCd=조070003&srchName=ctrtCrst&openUrl=Y
2024080269284,기술용역,천안업성고등학교 제주도 인공지능 캠프 위탁용역,2024-08-19,21987000,충청남도교육청 천안업성고등학교,천안업성고등학교,8140253,고등학교,충청남도,https://www.g2b.go.kr/link/FIUA027_01/single/?ctrtNo=202408029B7_5&ctrtChgOrd=01&prcmBsneSeCd=조070003&srchName=ctrtCrst&openUrl=Y
2024080271280,기술용역,2024년 한강초 신나는 AI교실 프로그램 위탁 용역 계약,2024-08-21,15000000,서울특별시중부교육청 서울한강초등학교,서울한강초등학교,7061085,초등학교,서울특별시,https://www.g2b.go.kr/link/FIUA027_01/single/?ctrtNo=2024080B4AC_5&ctrtChgOrd=00&prcmBsneSeCd=조070003&srchName=ctrtCrst&openUrl=Y
2024080289894,기술용역,2024학년도 2학기 AI프로그램 용역 계약,2024-08-16,13520000,서울특별시강동교육청 서울성일초등학교,서울성일초등학교,7130136,초등학교,서울특별시,https://www.g2b.go.kr/link/FIUA027_01/single/?ctrtNo=2024080B8CE_5&ctrtChgOrd=00&prcmBsneSeCd=조070003&srchName=ctrtCrst&openUrl=Y
2024080290086,기술용역,연현중 2024학년도 디지털기반 교육혁신 선도학교 패들렛 추가 및 챗 GPT 이용권계약,2024-08-21,6305600,경기도안양교육청 연현중학교,연현중학교,7569069,중학교,경기도,https://www.g2b.go.kr/link/FIUA027_01/single/?ctrtNo=2024080B8DD_5&ctrtChgOrd=00&prcmBsneSeCd=조070003&srchName=ctrtCrst&openUrl=Y
2024080292330,기술용역,진관고등학교 인공지능 기반 순환자원 회수로봇 네프론 설치,2024-08-21,1800000,서울특별시교육청 진관고등학교,진관고등학교,7010883,고등학교,서울특별시,https://www.g2b.go.kr/link/FIUA027_01/single/?ctrtNo=2024080BB34_5&ctrtChgOrd=00&prcmBsneSeCd=조070003&srchName=ctrtCrst&openUrl=Y
2024080293015,기술용역,2024학년도 인공지능-메타버스 운영을 위한 위탁 계약,2024-08-23,6125000,충청남도천안교육청 천안신부초등학교,천안신부초등학교,8151078,초등학교,충청남도,https://www.g2b.go.kr/link/FIUA027_01/single/?ctrtNo=2024080BCD3_5&ctrtChgOrd=00&prcmBsneSeCd=조070003&srchName=ctrtCrst&openUrl=Y
2024080293150,기술용역,용성초 2024학년도 2학기 방과후학교 프로그램(인공지능 코딩) 용역,2024-08-19,3060000,경상북도경산교육청 용성초등학교,용성초등학교,8851075,초등학교,경상북도,https://www.g2b.go.kr/link/FIUA027_01/single/?ctrtNo=2024080BD19_5&ctrtChgOrd=00&prcmBsneSeCd=조070003&srchName=ctrtCrst&openUrl=Y
2024080294637,기술용역,남촌초 AI-Hub 운영 계약,2024-08-22,9200000,인천광역시동부교육청 인천남촌초등학교,인천남촌초등학교,7341018,초등학교,인천광역시,https://www.g2b.go.kr/link/FIUA027_01/single/?ctrtNo=2024080C031_5&ctrtChgOrd=00&prcmBsneSeCd=조070003&srchName=ctrtCrst&openUrl=Y
2024080295172,기술용역,청룡초-용산 AI체험학습 버스임차용역,2024-09-04,880000,충청남도교육청 충청남도보령교육지원청 청룡초등학교,청룡초등학교,8171045,초등학교,충청남도,https://www.g2b.go.kr/link/FIUA027_01/single/?ctrtNo=2024080C147_5&ctrtChgOrd=00&prcmBsneSeCd=조070003&srchName=ctrtCrst&openUrl=Y
2024080319519,기술용역,SW교육주간 도심항공모빌리티 체험 프로그램 용역,2024-08-22,4259800,경기도교육청 경기도양평교육지원청 정배초등학교,정배초등학교,7731075,초등학교,경기도,https://www.g2b.go.kr/link/FIUA027_01/single/?ctrtNo=2024080CD65_5&ctrtChgOrd=00&prcmBsneSeCd=조070003&srchName=ctrtCrst&openUrl=Y
2024080344298,기술용역,수곡초등학교 AI디지털 미래기술 체험학습 숙식 용역 계약,2024-08-23,1139000,전북특별자치도교육청 전북특별자치도정읍교육지원청 수곡초등학교,수곡초등학교,8362075,초등학교,전북특별자치도,https://www.g2b.go.kr/link/FIUA027_01/single/?ctrtNo=2024080D96E_5&ctrtChgOrd=00&prcmBsneSeCd=조070003&srchName=ctrtCrst&openUrl=Y
2024080346402,기술용역,2024년 AI 교실 설계 완료에 따른 AI 교실 구축 공사 진행(전기공사 감리용역),2024-08-23,1800000,전라남도나주교육청 금성중학교,금성중학교,,,,https://www.g2b.go.kr/link/FIUA027_01/single/?ctrtNo=2024080DB71_5&ctrtChgOrd=00&prcmBsneSeCd=조070003&srchName=ctrtCrst&openUrl=Y
2024080348482,기술용역,2024학년도 소프트웨어 프로그래밍 체험 프로그램,2024-09-03,4292000,경기도교육청 고림고등학교,고림고등학교,7531242,고등학교,경기도,https://www.g2b.go.kr/link/FIUA027_01/single/?ctrtNo=2024080DD65_5&ctrtChgOrd=00&prcmBsneSeCd=조070003&srchName=ctrtCrst&openUrl=Y
2024080350010,기술용역,2024년 AI 교실 설계 완료에 따른 AI 교실 구축 공사 진행(건축공사 감리용역),2024-08-23,1360000,전라남도나주교육청 금성중학교,금성중학교,,,,https://www.g2b.go.kr/link/FIUA027_01/single/?ctrtNo=2024080E070_5&ctrtChgOrd=00&prcmBsneSeCd=조070003&srchName=ctrtCrst&openUrl=Y
2024080350199,기술용역,"자동차IT,AI소프트웨어과 도제학교 참여 학생 진로설계연수 시설(숙소) 계약",2024-08-23,9606000,인천광역시교육청 인평자동차고등학교,인평자동차고등학교,7310479,고등학교,인천광역시,https://www.g2b.go.kr/link/FIUA027_01/single/?ctrtNo=2024080E0C7_5&ctrtChgOrd=00&prcmBsneSeCd=조070003&srchName=ctrtCrst&openUrl=Y
2024080351181,기술용역,광운인공지능고 2024 디지털 역량 강화 스마트시티 체험 프로그램 위탁용역,2024-08-23,2920000,서울특별시교육청 광운인공지능고등학교,광운인공지능고등학교,7011505,고등학교,서울특별시,https://www.g2b.go.kr/link/FIUA027_01/single/?ctrtNo=2024080E2F5_5&ctrtChgOrd=00&prcmBsneSeCd=조070003&srchName=ctrtCrst&openUrl=Y
2024080375238,기술용역,2024 GLOBAL TALENT FAIR(채용박람회) 방문 버스 임차 계약,2024-08-26,650000,인천광역시교육청 문곡고등학교,문곡고등학교,7310626,고등학교,인천광역시,https://www.g2b.go.kr/link/FIUA027_01/single/?ctrtNo=2024080EC78_5&ctrtChgOrd=00&prcmBsneSeCd=조070003&srchName=ctrtCrst&openUrl=Y
2024080375810,기술용역,구운초 2024학년도 6학년 AI 및 SW 교육 프로그램 운영 계약 체결,2024-08-27,5200000,경기도교육청 경기도수원교육지원청 구운초등학교,구운초등학교,7541070,초등학교,경기도,https://www.g2b.go.kr/link/FIUA027_01/single/?ctrtNo=2024080EDCB_5&ctrtChgOrd=00&prcmBsneSeCd=조070003&srchName=ctrtCrst&openUrl=Y
2024080376010,기술용역,2024년 청소년비즈쿨 체험형 AI교육 참가 차량 임차,2024-08-26,730000,충청남도교육청 천안두정고등학교,천안두정고등학교,8140213,고등학교,충청남도,https://www.g2b.go.kr/link/FIUA027_01/single/?ctrtNo=2024080EE5C_5&ctrtChgOrd=00&prcmBsneSeCd=조070003&srchName=ctrtCrst&openUrl=Y
2024080378204,기술용역,인공지능 로봇 끝장 개발(해커톤) 한마당 참여를 위한 전세버스 임차 용역,2024-08-26,500000,충청남도교육청 충청남도천안교육지원청 천안봉명초등학교,천안봉명초등학교,8151073,초등학교,충청남도,https://www.g2b.go.kr/link/FIUA027_01/single/?ctrtNo=2024080F310_5&ctrtChgOrd=00&prcmBsneSeCd=조070003&srchName=ctrtCrst&openUrl=Y
2024080399341,기술용역,만덕초등학교 2024년도 AI맞춤형 온라인 학습 콘텐츠 계약,2024-08-28,948000,전라남도담양교육청 만덕초등학교,만덕초등학교,,,,https://www.g2b.go.kr/link/FIUA027_01/single/?ctrtNo=2024080FB28_5&ctrtChgOrd=00&prcmBsneSeCd=조070003&srchName=ctrtCrst&openUrl=Y
2024080404935,기술용역,2024  디지털 기반 교육혁신 선도학교 AI 코스웨어(4학년 전과목) 구입,2024-08-27,6949800,대구광역시동부교육청 대구송정초등학교,대구송정초등학교,7251079,초등학교,대구광역시,https://www.g2b.go.kr/link/FIUA027_01/single/?ctrtNo=2024080FEFD_5&ctrtChgOrd=00&prcmBsneSeCd=조070003&srchName=ctrtCrst&openUrl=Y
2024080406183,기술용역,"2024학년도 삼현초 3,4,6학년 에듀테크 교육 용역 계약",2024-08-29,9280000,경기도교육청 경기도의정부교육지원청 삼현초등학교,삼현초등학교,7561132,초등학교,경기도,https://www.g2b.go.kr/link/FIUA027_01/single/?ctrtNo=2024080FFC7_5&ctrtChgOrd=00&prcmBsneSeCd=조070003&srchName=ctrtCrst&openUrl=Y
2024080407037,기술용역,"2024학년도 5,6학년 코딩수업 용역계약",2024-08-27,2000000,서울특별시강동교육청 서울천일초등학교,서울천일초등학교,7130158,초등학교,서울특별시,https://www.g2b.go.kr/link/FIUA027_01/single/?ctrtNo=2024081017E_5&ctrtChgOrd=00&prcmBsneSeCd=조070003&srchName=ctrtCrst&openUrl=Y
2024080407104,기술용역,(삼선초)2024학년도 AI교육 용역 계약,,13992000,서울특별시성북교육청 서울삼선초등학교,서울삼선초등학교,7121307,초등학교,서울특별시,https://www.g2b.go.kr/link/FIUA027_01/single/?ctrtNo=202408101AA_5&ctrtChgOrd=00&prcmBsneSeCd=조070003&srchName=ctrtCrst&openUrl=Y
2024080408427,기술용역,2024학년도 교과교사와 함께하는 1학년 AI활용 콘텐츠 교육 프로그램 실시,2024-08-28,4870000,경기도교육청 안양문화고등학교,안양문화고등학교,7531409,고등학교,경기도,https://www.g2b.go.kr/link/FIUA027_01/single/?ctrtNo=20240810494_5&ctrtChgOrd=00&prcmBsneSeCd=조070003&srchName=ctrtCrst&openUrl=Y
2024080408944,기술용역,안산호원초등학교 AI 코스웨어 사용,,12157200,경기도안산교육청 안산호원초등학교,안산호원초등학교,7611032,초등학교,경기도,https://www.g2b.go.kr/link/FIUA027_01/single/?ctrtNo=202408105AD_5&ctrtChgOrd=00&prcmBsneSeCd=조070003&srchName=ctrtCrst&openUrl=Y
2024080409219,기술용역,현암고 정보교과 SW체험캠프 운영 용역 계약,2024-08-27,2840000,경기도교육청 현암고등학교,현암고등학교,7530769,고등학교,경기도,https://www.g2b.go.kr/link/FIUA027_01/single/?ctrtNo=2024081063B_5&ctrtChgOrd=00&prcmBsneSeCd=조070003&srchName=ctrtCrst&openUrl=Y
2024080410424,기술용역,AI 빅데이터 사업 집기 이전 용역 계약,2024-08-27,3663000,경기도교육청 삼일고등학교,삼일고등학교,7531427,고등학교,경기도,https://www.g2b.go.kr/link/FIUA027_01/single/?ctrtNo=202406117EC_5&ctrtChgOrd=01&prcmBsneSeCd=조070003&srchName=ctrtCrst&openUrl=Y
2024080427225,기술용역,2024학년도 광탄중 디지털 기반 교육혁신 선도학교 AI 학생 캠프운영 계약의 건,2024-08-28,1410000,경기도교육청 경기도파주교육지원청 광탄중학교,광탄중학교,7681012,중학교,경기도,https://www.g2b.go.kr/link/FIUA027_01/single/?ctrtNo=20240810A25_5&ctrtChgOrd=00&prcmBsneSeCd=조070003&srchName=ctrtCrst&openUrl=Y
2024080427436,기술용역,2024학년도 광탄중 디지털 기반 교육혁신 선도학교 AI 학생 캠프 버스 임대 계약의 건,2024-08-28,506000,경기도교육청 경기도파주교육지원청 광탄중학교,광탄중학교,7681012,중학교,경기도,https://www.g2b.go.kr/link/FIUA027_01/single/?ctrtNo=20240810A56_5&ctrtChgOrd=00&prcmBsneSeCd=조070003&srchName=ctrtCrst&openUrl=Y
2024080427987,기술용역,울산고 체험형 AI교육 버스임차 용역 계약,2024-08-28,605000,울산광역시교육청 울산고등학교,울산고등학교,7480035,고등학교,울산광역시,https://www.g2b.go.kr/link/FIUA027_01/single/?ctrtNo=20240810ADC_5&ctrtChgOrd=00&prcmBsneSeCd=조070003&srchName=ctrtCrst&openUrl=Y
2024080433944,기술용역,코딩교육,2024-08-28,13860000,경기도안양교육청 명학초등학교,명학초등학교,7569020,초등학교,경기도,https://www.g2b.go.kr/link/FIUA027_01/single/?ctrtNo=20240810FE8_5&ctrtChgOrd=00&prcmBsneSeCd=조070003&srchName=ctrtCrst&openUrl=Y
2024080434268,기술용역,광운인공지능고 2024학년도 실험실습생 및 교사 특수건강검진 위탁용역,2024-08-28,9707040,서울특별시교육청 광운인공지능고등학교,광운인공지능고등학교,7011505,고등학교,서울특별시,https://www.g2b.go.kr/link/FIUA027_01/single/?ctrtNo=2024081100C_5&ctrtChgOrd=00&prcmBsneSeCd=조070003&srchName=ctrtCrst&openUrl=Y
2024080434526,기술용역,2024학년도 삼선초 AI교육 계획,2024-08-28,13992000,서울특별시성북교육청 서울삼선초등학교,서울삼선초등학교,7121307,초등학교,서울특별시,https://www.g2b.go.kr/link/FIUA027_01/single/?ctrtNo=20240811062_5&ctrtChgOrd=00&prcmBsneSeCd=조070003&srchName=ctrtCrst&openUrl=Y
2024080435107,기술용역,2024 인공지능 로봇 끝장 개발 한마당 외 1건 전세버스 임차계약,2024-08-28,3300000,충청남도청양교육청 청신여자중학교,청신여자중학교,8251010,중학교,충청남도,https://www.g2b.go.kr/link/FIUA027_01/single/?ctrtNo=20240811177_5&ctrtChgOrd=00&prcmBsneSeCd=조070003&srchName=ctrtCrst&openUrl=Y
2024080435120,기술용역,2024년 성남여중 SW-AI교육 채움교실 구축사업 건축 설계,2024-08-28,4860000,경상북도영천교육청 성남여자중학교,성남여자중학교,8821068,중학교,경상북도,https://www.g2b.go.kr/link/FIUA027_01/single/?ctrtNo=20240811183_5&ctrtChgOrd=00&prcmBsneSeCd=조070003&srchName=ctrtCrst&openUrl=Y
2024080435165,기술용역,인공지능 로봇 끝장 개발(해커톤) 한마당 버스 임차 계약,2024-08-29,275000,충청남도교육청 충청남도천안교육청 천안삼거리초등학교,천안삼거리초등학교,8151108,초등학교,충청남도,https://www.g2b.go.kr/link/FIUA027_01/single/?ctrtNo=20240811194_5&ctrtChgOrd=00&prcmBsneSeCd=조070003&srchName=ctrtCrst&openUrl=Y
2024080436751,기술용역,2024년 인공지능 로봇 끝장 개발(해커톤) 한마당 참여 차량 임차,2024-08-29,220000,충청남도교육청 충청남도천안교육지원청 천안아름초등학교,천안아름초등학교,8151254,초등학교,충청남도,https://www.g2b.go.kr/link/FIUA027_01/single/?ctrtNo=202408114F9_5&ctrtChgOrd=00&prcmBsneSeCd=조070003&srchName=ctrtCrst&openUrl=Y
2024080457426,기술용역,인천도림초 2024학년도 5학년~6학년 로봇 코딩 교육 위탁 계약,2024-08-29,5040000,인천광역시동부교육청 인천도림초등학교,인천도림초등학교,7341023,초등학교,인천광역시,https://www.g2b.go.kr/link/FIUA027_01/single/?ctrtNo=20240811C5A_5&ctrtChgOrd=00&prcmBsneSeCd=조070003&srchName=ctrtCrst&openUrl=Y
2024080458515,기술용역,SW-MAKER 체험의 날 행사 운영 차량 임차 용역 전자계약 체결,2024-09-04,1750000,대구광역시동부교육청 매호중학교,매호중학교,7251024,중학교,대구광역시,https://www.g2b.go.kr/link/FIUA027_01/single/?ctrtNo=20240811EAB_5&ctrtChgOrd=00&prcmBsneSeCd=조070003&srchName=ctrtCrst&openUrl=Y
2024080458995,기술용역,부영여자고등학교 AI교실 구축 시설공사 설계 용역 계약,2024-08-29,3078000,전라남도교육청 부영여자고등학교,부영여자고등학교,7140166,고등학교,전남광주통합특별시(전남),https://www.g2b.go.kr/link/FIUA027_01/single/?ctrtNo=20240612EF2_5&ctrtChgOrd=01&prcmBsneSeCd=조070003&srchName=ctrtCrst&openUrl=Y
2024080459723,기술용역,(학생미래역량강화프로그램)한빛누리중학교 AI 코딩교육,2024-08-29,1100000,경기도동두천교육청 보영여자중학교,보영여자중학교,,,,https://www.g2b.go.kr/link/FIUA027_01/single/?ctrtNo=20240812123_5&ctrtChgOrd=00&prcmBsneSeCd=조070003&srchName=ctrtCrst&openUrl=Y
2024080480138,기술용역,2024 신나는 AI 교실 수업 계약,2024-08-30,4200000,서울특별시강동교육청 서울대명초등학교,서울대명초등학교,7130117,초등학교,서울특별시,https://www.g2b.go.kr/link/FIUA027_01/single/?ctrtNo=20240812A4C_5&ctrtChgOrd=00&prcmBsneSeCd=조070003&srchName=ctrtCrst&openUrl=Y
2024080481238,기술용역,"용호중학교 창체동아리(IA코딩반, 로봇공학반, 메타버스반) 프로그램 운영",2024-09-02,3600000,경기도교육청 경기도군포의왕교육지원청 용호중학교,용호중학교,7642045,중학교,경기도,https://www.g2b.go.kr/link/FIUA027_01/single/?ctrtNo=20240812B07_5&ctrtChgOrd=00&prcmBsneSeCd=조070003&srchName=ctrtCrst&openUrl=Y
2024080482563,기술용역,용호중학교 방과후특강(로봇을 활용한 인공지능(AI) 코딩 교육) 운영,2024-09-02,1060000,경기도교육청 경기도군포의왕교육지원청 용호중학교,용호중학교,7642045,중학교,경기도,https://www.g2b.go.kr/link/FIUA027_01/single/?ctrtNo=20240812C37_5&ctrtChgOrd=00&prcmBsneSeCd=조070003&srchName=ctrtCrst&openUrl=Y
2024080483711,기술용역,2024년 sw마이스터고 연합 해커톤 위탁 용역 계약 체결,2024-09-25,29500000,광주광역시교육청 광주소프트웨어마이스터고등학교,광주소프트웨어마이스터고등학교,7140392,고등학교,전남광주통합특별시(광주),https://www.g2b.go.kr/link/FIUA027_01/single/?ctrtNo=20240812D05_5&ctrtChgOrd=00&prcmBsneSeCd=조070003&srchName=ctrtCrst&openUrl=Y
2024080485206,기술용역,덕원중학교 교무실협업 AI코스웨어 구입,2024-09-02,4501200,부산광역시교육청 부산광역시서부교육청 덕원중학교,덕원중학교,7171042,중학교,부산광역시,https://www.g2b.go.kr/link/FIUA027_01/single/?ctrtNo=20240812F73_5&ctrtChgOrd=00&prcmBsneSeCd=조070003&srchName=ctrtCrst&openUrl=Y
2024080485852,기술용역,AI정보교육중심학교 AI 특색 활동 프로그램 운영,2024-09-02,2695000,경기도교육청 송내고등학교,송내고등학교,7530617,고등학교,경기도,https://www.g2b.go.kr/link/FIUA027_01/single/?ctrtNo=2024081309D_5&ctrtChgOrd=00&prcmBsneSeCd=조070003&srchName=ctrtCrst&openUrl=Y
2024080486241,기술용역,희망대초 메타버스 생태전환교육 위탁성 프로그램 계약,2024-08-30,8000000,경기도성남교육청 희망대초등학교,희망대초등학교,7551102,초등학교,경기도,https://www.g2b.go.kr/link/FIUA027_01/single/?ctrtNo=20240813156_5&ctrtChgOrd=00&prcmBsneSeCd=조070003&srchName=ctrtCrst&openUrl=Y
2024080486663,기술용역,디지털기반 수업혁신 선도학교 AI 코스웨어 구입(정보) 계약,2024-08-30,15000000,대구광역시서부교육청 학남중학교,학남중학교,7261028,중학교,대구광역시,https://www.g2b.go.kr/link/FIUA027_01/single/?ctrtNo=2024040B519_5&ctrtChgOrd=01&prcmBsneSeCd=조070003&srchName=ctrtCrst&openUrl=Y
2024080487060,기술용역,5~6학년 클래스팅AI 수학이용권 구입,2024-09-02,2500000,경기도김포교육청 양곡초등학교,양곡초등학교,7771030,초등학교,경기도,https://www.g2b.go.kr/link/FIUA027_01/single/?ctrtNo=202408132EC_5&ctrtChgOrd=00&prcmBsneSeCd=조070003&srchName=ctrtCrst&openUrl=Y
2024090002096,기술용역,천안중앙고 인공지능 로봇 끝장 개발 한마당 참가 버스 임차 용역,2024-09-04,450000,충청남도교육청 천안중앙고등학교,천안중앙고등학교,8140070,고등학교,충청남도,https://www.g2b.go.kr/link/FIUA027_01/single/?ctrtNo=20240900371_5&ctrtChgOrd=00&prcmBsneSeCd=조070003&srchName=ctrtCrst&openUrl=Y
2024090005199,기술용역,태안여중 AI로봇 끝장 개발 차량 임차,2024-09-02,550000,충청남도태안교육청 태안여자중학교,태안여자중학교,8281009,중학교,충청남도,https://www.g2b.go.kr/link/FIUA027_01/single/?ctrtNo=202409009E0_5&ctrtChgOrd=00&prcmBsneSeCd=조070003&srchName=ctrtCrst&openUrl=Y
2024090006699,기술용역,영흥중학교 AI교실 구축 건축 설계용역,2024-09-03,4275000,전라남도목포교육청 영흥중학교,영흥중학교,,,,https://www.g2b.go.kr/link/FIUA027_01/single/?ctrtNo=20240900D11_5&ctrtChgOrd=00&prcmBsneSeCd=조070003&srchName=ctrtCrst&openUrl=Y
2024090024671,기술용역,교무실 및 AI팩토리 환경개선 설계 용역,2024-09-03,9668000,광주광역시교육청 광주광역시동부교육지원청 살레시오중학교,살레시오중학교,7392195,중학교,전남광주통합특별시(광주),https://www.g2b.go.kr/link/FIUA027_01/single/?ctrtNo=20240901179_5&ctrtChgOrd=00&prcmBsneSeCd=조070003&srchName=ctrtCrst&openUrl=Y
2024090024893,기술용역,2024년 인공지능 로봇 끝장 개발(해커톤)한마당 참가 차량임대,2024-09-03,450000,충청남도교육청 서야고등학교,서야고등학교,8140090,고등학교,충청남도,https://www.g2b.go.kr/link/FIUA027_01/single/?ctrtNo=2024090119A_5&ctrtChgOrd=00&prcmBsneSeCd=조070003&srchName=ctrtCrst&openUrl=Y
2024090029593,기술용역,2024년 학생 미래역량 강화프로그램  지역사회 연계 학년별 AI교육과정(3학년) 교육플랫폼,2024-09-03,5625000,경기도동두천교육청 동두천중학교,동두천중학교,7602030,중학교,경기도,https://www.g2b.go.kr/link/FIUA027_01/single/?ctrtNo=20240901A2B_5&ctrtChgOrd=00&prcmBsneSeCd=조070003&srchName=ctrtCrst&openUrl=Y
2024090029600,기술용역,대홍초등학교 AI체험학습 차량임차 계약,2024-09-06,660000,충청남도천안교육청 대홍초등학교,대홍초등학교,8151042,초등학교,충청남도,https://www.g2b.go.kr/link/FIUA027_01/single/?ctrtNo=20240901A34_5&ctrtChgOrd=00&prcmBsneSeCd=조070003&srchName=ctrtCrst&openUrl=Y
2024090029877,기술용역,2024년 학생 미래역량 강화프로그램  지역사회 연계 학년별 AI교육과정(3학년) 프로그램운영비,2024-09-03,6375000,경기도동두천교육청 동두천중학교,동두천중학교,7602030,중학교,경기도,https://www.g2b.go.kr/link/FIUA027_01/single/?ctrtNo=20240901AC4_5&ctrtChgOrd=00&prcmBsneSeCd=조070003&srchName=ctrtCrst&openUrl=Y
2024090053431,기술용역,인공지능 로봇 끝장 개발(해커톤) 한마당 참여를 위한 버스 임차,2024-09-04,660000,충청남도교육청 논산대건고등학교,논산대건고등학교,8140085,고등학교,충청남도,https://www.g2b.go.kr/link/FIUA027_01/single/?ctrtNo=2024090236F_5&ctrtChgOrd=00&prcmBsneSeCd=조070003&srchName=ctrtCrst&openUrl=Y
2024090054689,기술용역,2024학년도 학남고등학교 AI 이공계 투어 2기 차량(전세버스) 임차 용역,2024-09-05,900000,대구광역시교육청 학남고등학교,학남고등학교,7240207,고등학교,대구광역시,https://www.g2b.go.kr/link/FIUA027_01/single/?ctrtNo=20240902635_5&ctrtChgOrd=00&prcmBsneSeCd=조070003&srchName=ctrtCrst&openUrl=Y
2024090055828,기술용역,"2024학년도 1,2학년 인공지능 박람회 및 문화예술체험학습 차량 임차 용역",2024-09-04,3600000,울산광역시교육청 울산마이스터고등학교,울산마이스터고등학교,7480143,고등학교,울산광역시,https://www.g2b.go.kr/link/FIUA027_01/single/?ctrtNo=2024090288A_5&ctrtChgOrd=00&prcmBsneSeCd=조070003&srchName=ctrtCrst&openUrl=Y
2024090056047,기술용역,2024학년도 디지털 선도학교 국어과 AI코스웨어 용역,2024-05-09,10000000,대구광역시교육청 대구광역시달성교육지원청 심인중학교,심인중학교,7281123,중학교,대구광역시,https://www.g2b.go.kr/link/FIUA027_01/single/?ctrtNo=202409028FE_5&ctrtChgOrd=00&prcmBsneSeCd=조070003&srchName=ctrtCrst&openUrl=Y
2024090057361,기술용역,디지털선도학교 Google WorkspaceEdu+ 연간 구독,2024-09-05,1912000,서울특별시북부교육청 서울중현초등학교,서울중현초등학교,7051158,초등학교,서울특별시,https://www.g2b.go.kr/link/FIUA027_01/single/?ctrtNo=20240902B89_5&ctrtChgOrd=00&prcmBsneSeCd=조070003&srchName=ctrtCrst&openUrl=Y
2024090058828,기술용역,"2024년 2학기 로봇코딩, 컴퓨터프로그래밍 캠프 교육 계약",2024-09-05,2720000,경기도교육청 광주고등학교,광주고등학교,7530521,고등학교,경기도,https://www.g2b.go.kr/link/FIUA027_01/single/?ctrtNo=20240902E43_5&ctrtChgOrd=00&prcmBsneSeCd=조070003&srchName=ctrtCrst&openUrl=Y
2024090085212,기술용역,오산정보고 코딩 교육 지원을 위한 학생 현장체험학습 전세버스 임차용역,2024-09-06,770000,경기도교육청 오산정보고등학교,오산정보고등학교,7530784,고등학교,경기도,https://www.g2b.go.kr/link/FIUA027_01/single/?ctrtNo=202409035A0_5&ctrtChgOrd=00&prcmBsneSeCd=조070003&srchName=ctrtCrst&openUrl=Y
2024090085881,기술용역,한국호텔관광고등학교 메타버스 프로그램 위탁용역 계약,2024-09-05,2500000,충청북도교육청 한국호텔관광고등학교,한국호텔관광고등학교,8000311,고등학교,충청북도,https://www.g2b.go.kr/link/FIUA027_01/single/?ctrtNo=20240903684_5&ctrtChgOrd=00&prcmBsneSeCd=조070003&srchName=ctrtCrst&openUrl=Y
2024090085886,기술용역,2024학년도 학교자율과제 AI 체험 프로그램 용역,2024-09-06,20020000,경기도교육청 경기도화성오산교육지원청 효행초등학교,효행초등학교,7679378,초등학교,경기도,https://www.g2b.go.kr/link/FIUA027_01/single/?ctrtNo=2024090368B_5&ctrtChgOrd=00&prcmBsneSeCd=조070003&srchName=ctrtCrst&openUrl=Y
2024090086497,기술용역,2024학년도 2학기 군포대야초 AI프로그램 운영 계약,2024-08-26,7000000,경기도교육청 경기도군포의왕교육청 군포대야초등학교,군포대야초등학교,7642075,초등학교,경기도,https://www.g2b.go.kr/link/FIUA027_01/single/?ctrtNo=202409037CD_5&ctrtChgOrd=00&prcmBsneSeCd=조070003&srchName=ctrtCrst&openUrl=Y
2024090086576,기술용역,이충중 디지털 선도학교 AI 코스에어 챗GPT 이용 계약,2024-09-06,4998400,경기도교육청 경기도평택교육청 이충중학교,이충중학교,7631124,중학교,경기도,https://www.g2b.go.kr/link/FIUA027_01/single/?ctrtNo=20240903812_5&ctrtChgOrd=00&prcmBsneSeCd=조070003&srchName=ctrtCrst&openUrl=Y
2024090086677,기술용역,2024학년도 대광중학교 AI실 구축 특별수업 용역계약,2024-09-09,2360000,서울특별시동부교육청 대광중학교,대광중학교,7021124,중학교,서울특별시,https://www.g2b.go.kr/link/FIUA027_01/single/?ctrtNo=20240903828_5&ctrtChgOrd=00&prcmBsneSeCd=조070003&srchName=ctrtCrst&openUrl=Y
2024090087903,기술용역,광운인공지능고 직업계고 학점제 이해도 제고 프로그램 위탁용역,2024-09-05,6316000,서울특별시교육청 광운인공지능고등학교,광운인공지능고등학교,7011505,고등학교,서울특별시,https://www.g2b.go.kr/link/FIUA027_01/single/?ctrtNo=20240903A9B_5&ctrtChgOrd=00&prcmBsneSeCd=조070003&srchName=ctrtCrst&openUrl=Y
2024090108189,기술용역,상일여고 AI팩토리(미래교실) 구축 설계용역,2024-09-06,7250000,광주광역시교육청 상일여자고등학교,상일여자고등학교,,,,https://www.g2b.go.kr/link/FIUA027_01/single/?ctrtNo=20240903EE7_5&ctrtChgOrd=00&prcmBsneSeCd=조070003&srchName=ctrtCrst&openUrl=Y
2024090123697,기술용역,행신초 늘봄학교 미래형·맞춤형 디지털AI 프로그램 운영을 위한 학생용 노트북 임차 계약,2024-09-11,3300000,경기도고양교육청 행신초등학교,행신초등학교,7621099,초등학교,경기도,https://www.g2b.go.kr/link/FIUA027_01/single/?ctrtNo=20240904BF8_5&ctrtChgOrd=00&prcmBsneSeCd=조070003&srchName=ctrtCrst&openUrl=Y
2024090152370,기술용역,수영초 2024학년도 인공지능 체험주간 체험 용역 계약,2024-09-13,7700000,경기도교육청 경기도화성오산교육지원청 수영초등학교,수영초등학교,7679044,초등학교,경기도,https://www.g2b.go.kr/link/FIUA027_01/single/?ctrtNo=20240904DA5_5&ctrtChgOrd=00&prcmBsneSeCd=조070003&srchName=ctrtCrst&openUrl=Y
2024090152667,기술용역,[변경] 천안중앙고 인공지능 로봇 끝장 개발 한마당 참가 버스 임차 용역,2024-09-09,750000,충청남도교육청 천안중앙고등학교,천안중앙고등학교,8140070,고등학교,충청남도,https://www.g2b.go.kr/link/FIUA027_01/single/?ctrtNo=20240900371_5&ctrtChgOrd=01&prcmBsneSeCd=조070003&srchName=ctrtCrst&openUrl=Y
2024090152902,기술용역,2024년 AI 교실 설계 완료에 따른 AI 교실 구축 공사 진행(건축공사 감리용역),2024-09-09,1360000,전라남도나주교육청 금성중학교,금성중학교,,,,https://www.g2b.go.kr/link/FIUA027_01/single/?ctrtNo=2024080E070_5&ctrtChgOrd=01&prcmBsneSeCd=조070003&srchName=ctrtCrst&openUrl=Y
2024090152918,기술용역,2024년 AI 교실 설계 완료에 따른 AI 교실 구축 공사 진행(전기공사 감리용역),2024-09-09,1800000,전라남도나주교육청 금성중학교,금성중학교,,,,https://www.g2b.go.kr/link/FIUA027_01/single/?ctrtNo=2024080DB71_5&ctrtChgOrd=01&prcmBsneSeCd=조070003&srchName=ctrtCrst&openUrl=Y
2024090153075,기술용역,금릉초 AI활용 수업을 위한 코스웨이(클래스팅 AI) 사용 계약,2024-09-01,2400000,경기도교육청 경기도파주교육지원청 금릉초등학교,금릉초등학교,7681022,초등학교,경기도,https://www.g2b.go.kr/link/FIUA027_01/single/?ctrtNo=20240904EF6_5&ctrtChgOrd=00&prcmBsneSeCd=조070003&srchName=ctrtCrst&openUrl=Y
2024090153097,기술용역,송도중학교 미래교실 및 AI중심학교 공간구축 전기공사 설계용역,2024-09-09,2091000,인천광역시남부교육청 송도중학교,송도중학교,7321094,중학교,인천광역시,https://www.g2b.go.kr/link/FIUA027_01/single/?ctrtNo=20240904F0E_5&ctrtChgOrd=00&prcmBsneSeCd=조070003&srchName=ctrtCrst&openUrl=Y
2024090154561,기술용역,목포하당초 AI교실 리모델링공사 건축설계용역,2024-09-10,6065100,전라남도교육청 전라남도목포교육지원청 목포하당초등학교,목포하당초등학교,8502040,초등학교,전남광주통합특별시(전남),https://www.g2b.go.kr/link/FIUA027_01/single/?ctrtNo=20240905216_5&ctrtChgOrd=00&prcmBsneSeCd=조070003&srchName=ctrtCrst&openUrl=Y
2024090156887,기술용역,꿈더하기 프로그램 운영(AI 영화제작) 용역 계약,2024-09-10,985000,전북특별자치도교육청 양현고등학교,양현고등학교,8321083,고등학교,전북특별자치도,https://www.g2b.go.kr/link/FIUA027_01/single/?ctrtNo=202409056D0_5&ctrtChgOrd=00&prcmBsneSeCd=조070003&srchName=ctrtCrst&openUrl=Y
2024090158439,기술용역,(성남형)6학년 메타버스생태전환교육 위탁프로그램 계약,2024-09-09,16000000,경기도성남교육청 초림초등학교,초림초등학교,7551095,초등학교,경기도,https://www.g2b.go.kr/link/FIUA027_01/single/?ctrtNo=20240905A0E_5&ctrtChgOrd=00&prcmBsneSeCd=조070003&srchName=ctrtCrst&openUrl=Y
2024090159998,기술용역,2024학년도 디지털 선도학교 수학과 AI코스웨어 용역,2024-05-01,10000000,대구광역시교육청 대구광역시달성교육지원청 심인중학교,심인중학교,7281123,중학교,대구광역시,https://www.g2b.go.kr/link/FIUA027_01/single/?ctrtNo=20240905CC1_5&ctrtChgOrd=00&prcmBsneSeCd=조070003&srchName=ctrtCrst&openUrl=Y
2024090187347,기술용역,2024학년 복창초 스마트 코딩교육(한교육) 계약,2024-09-11,4000000,경기도평택교육청 복창초등학교,복창초등학교,7631032,초등학교,경기도,https://www.g2b.go.kr/link/FIUA027_01/single/?ctrtNo=2024090641F_5&ctrtChgOrd=00&prcmBsneSeCd=조070003&srchName=ctrtCrst&openUrl=Y
2024090187718,기술용역,위례중앙초 6학년  에듀테크 콘텐츠생산 체험학습 차량임차,2024-09-11,2100000,경기도교육청 경기도성남교육지원청 위례중앙초등학교,위례중앙초등학교,7551279,초등학교,경기도,https://www.g2b.go.kr/link/FIUA027_01/single/?ctrtNo=20240906494_5&ctrtChgOrd=00&prcmBsneSeCd=조070003&srchName=ctrtCrst&openUrl=Y
2024090191553,기술용역,2024학년도 당진시 AI 소프트웨어 교육한마당 부스 참여에 따른 버스임대차(9.28.),2024-09-10,330000,충청남도당진교육청 신평중학교,신평중학교,8291015,중학교,충청남도,https://www.g2b.go.kr/link/FIUA027_01/single/?ctrtNo=20240906834_5&ctrtChgOrd=00&prcmBsneSeCd=조070003&srchName=ctrtCrst&openUrl=Y
2024090231552,기술용역,"2024학년도 1,2학년 디지털 두드림 코딩 프로그램 위탁 용역 입찰",2024-09-13,7061000,충청남도교육청 천안여자상업고등학교,천안여자상업고등학교,8140160,고등학교,충청남도,https://www.g2b.go.kr/link/FIUA027_01/single/?ctrtNo=20240907336_5&ctrtChgOrd=00&prcmBsneSeCd=조070003&srchName=ctrtCrst&openUrl=Y
2024090232342,기술용역,2024년 AI정보교육 진로체험학습 운송차량임차,2024-09-13,520000,인천광역시교육청 인천광역시북부교육지원청 북인천여자중학교,북인천여자중학교,7331215,중학교,인천광역시,https://www.g2b.go.kr/link/FIUA027_01/single/?ctrtNo=202409073C3_5&ctrtChgOrd=00&prcmBsneSeCd=조070003&srchName=ctrtCrst&openUrl=Y
2024090234349,기술용역,‘SW체험의 날’창의융합 코딩 교육 프로그램 용역 계약,2024-09-12,9100000,경기도부천교육청 부천초등학교,부천초등학교,7581056,초등학교,경기도,https://www.g2b.go.kr/link/FIUA027_01/single/?ctrtNo=20240907547_5&ctrtChgOrd=00&prcmBsneSeCd=조070003&srchName=ctrtCrst&openUrl=Y
2024090237016,기술용역,오산고 학습데이터 분석관련 원아워 코스웨어 구매,2024-08-30,6490000,경기도교육청 오산고등학교,오산고등학교,7530198,고등학교,경기도,https://www.g2b.go.kr/link/FIUA027_01/single/?ctrtNo=20240907774_5&ctrtChgOrd=00&prcmBsneSeCd=조070003&srchName=ctrtCrst&openUrl=Y
2024090266647,기술용역,운곡초등학교 SW AI 캠프 운영 계약,2024-09-12,6539000,경상북도교육청 경상북도김천교육지원청 운곡초등학교,운곡초등학교,8781113,초등학교,경상북도,https://www.g2b.go.kr/link/FIUA027_01/single/?ctrtNo=20240907DC1_5&ctrtChgOrd=00&prcmBsneSeCd=조070003&srchName=ctrtCrst&openUrl=Y
2024090273224,기술용역,표선고 소개 영어 메타버스 맵 제작,2024-09-19,5000000,제주특별자치도교육청 표선고등학교,표선고등학교,9290087,고등학교,제주특별자치도,https://www.g2b.go.kr/link/FIUA027_01/single/?ctrtNo=20240908279_5&ctrtChgOrd=00&prcmBsneSeCd=조070003&srchName=ctrtCrst&openUrl=Y
2024090312663,기술용역,2024학년도 소프트웨어 코딩교육 프로그램 운영 계약,2024-09-19,4390000,인천광역시동부교육청 인천장수초등학교,인천장수초등학교,7341055,초등학교,인천광역시,https://www.g2b.go.kr/link/FIUA027_01/single/?ctrtNo=20240909030_5&ctrtChgOrd=00&prcmBsneSeCd=조070003&srchName=ctrtCrst&openUrl=Y
2024090319086,기술용역,순천월전중학교 AI 교실 구축 설계 용역,2024-09-24,5014000,전라남도순천교육청 순천월전중학교,순천월전중학교,8522016,중학교,전남광주통합특별시(전남),https://www.g2b.go.kr/link/FIUA027_01/single/?ctrtNo=20240909382_5&ctrtChgOrd=00&prcmBsneSeCd=조070003&srchName=ctrtCrst&openUrl=Y
2024090351237,기술용역,"AI영상콘텐츠과 1, 3학년 직업체험 현장교육 버스 임차 계약",2024-09-19,1650000,경기도교육청 부천정보산업고등학교,부천정보산업고등학교,7530256,고등학교,경기도,https://www.g2b.go.kr/link/FIUA027_01/single/?ctrtNo=20240909E56_5&ctrtChgOrd=00&prcmBsneSeCd=조070003&srchName=ctrtCrst&openUrl=Y
2024090352610,기술용역,2024 디지털AI교육 미래직업캠프 프로그램 운영,2024-09-20,6150000,경기도교육청 경기도군포의왕교육지원청 광정초등학교,광정초등학교,7642007,초등학교,경기도,https://www.g2b.go.kr/link/FIUA027_01/single/?ctrtNo=2024090A1B4_5&ctrtChgOrd=00&prcmBsneSeCd=조070003&srchName=ctrtCrst&openUrl=Y
2024090352948,기술용역,디지털 자유학기 연구학교 운영을 위한 메타버스 구축 용역 전자계약 체결,2024-09-19,9500000,대구광역시동부교육청 매호중학교,매호중학교,7251024,중학교,대구광역시,https://www.g2b.go.kr/link/FIUA027_01/single/?ctrtNo=2024090A267_5&ctrtChgOrd=00&prcmBsneSeCd=조070003&srchName=ctrtCrst&openUrl=Y
2024090369694,기술용역,2024학년도 카이스트 AI 진로체험활동 위탁 용역 계약,2024-09-20,2400000,대구광역시동부교육청 덕화중학교,덕화중학교,7251028,중학교,대구광역시,https://www.g2b.go.kr/link/FIUA027_01/single/?ctrtNo=2024090AE33_5&ctrtChgOrd=00&prcmBsneSeCd=조070003&srchName=ctrtCrst&openUrl=Y
2024090372932,기술용역,"2024 가상누리터, AI융합교육과정 운영을 위한 메타버스 구축 건",2024-09-20,13800000,충청남도천안교육청 천안서여자중학교,천안서여자중학교,8151030,중학교,충청남도,https://www.g2b.go.kr/link/FIUA027_01/single/?ctrtNo=2024090B56C_5&ctrtChgOrd=00&prcmBsneSeCd=조070003&srchName=ctrtCrst&openUrl=Y
2024090375060,기술용역,2024학년도 AIDT도입 대비 에듀테크 역량강화 연수 위탁용역 계약,2024-09-23,2692000,대구광역시교육청 운암고등학교,운암고등학교,7240188,고등학교,대구광역시,https://www.g2b.go.kr/link/FIUA027_01/single/?ctrtNo=2024090BA1A_5&ctrtChgOrd=00&prcmBsneSeCd=조070003&srchName=ctrtCrst&openUrl=Y
2024090400831,기술용역,인천하늘초등학교 AI 정보교육의 달 운영 관련 체험교육 프로그램 계약,2024-09-23,6810000,인천광역시교육청 인천광역시남부교육지원청 인천하늘초등학교,인천하늘초등학교,7321196,초등학교,인천광역시,https://www.g2b.go.kr/link/FIUA027_01/single/?ctrtNo=2024090C1B6_5&ctrtChgOrd=00&prcmBsneSeCd=조070003&srchName=ctrtCrst&openUrl=Y
2024090401391,기술용역,2024 당진 AI·SW교육 한마당 참가를 위한  버스임차용역 계약,2024-09-23,250000,충청남도교육청 충청남도당진교육지원청 대덕초등학교,대덕초등학교,8291102,초등학교,충청남도,https://www.g2b.go.kr/link/FIUA027_01/single/?ctrtNo=2024090C2F9_5&ctrtChgOrd=00&prcmBsneSeCd=조070003&srchName=ctrtCrst&openUrl=Y
2024090402092,기술용역,"2024학년도 5, 6학년 하이러닝 플랫폼 활용 에듀테크 프로그램 운영",2024-09-25,5000000,경기도교육청 경기도고양교육지원청 호수초등학교,호수초등학교,7621101,초등학교,경기도,https://www.g2b.go.kr/link/FIUA027_01/single/?ctrtNo=2024090C49C_5&ctrtChgOrd=00&prcmBsneSeCd=조070003&srchName=ctrtCrst&openUrl=Y
2024090405573,기술용역,"2024 서울행현초 SW, AI  교육 프로그램 위탁 운영",2024-09-24,22020000,서울특별시교육청 서울특별시성동교육청 서울행현초등학교,서울행현초등학교,7134114,초등학교,서울특별시,https://www.g2b.go.kr/link/FIUA027_01/single/?ctrtNo=2024090CCD0_5&ctrtChgOrd=00&prcmBsneSeCd=조070003&srchName=ctrtCrst&openUrl=Y
2024090429428,기술용역,포항고등학교 AI정보교육실외 1실 공간구축 사업 설계용역,2024-09-24,6583000,경상북도교육청 포항고등학교,포항고등학교,8750133,고등학교,경상북도,https://www.g2b.go.kr/link/FIUA027_01/single/?ctrtNo=2024090D30F_5&ctrtChgOrd=00&prcmBsneSeCd=조070003&srchName=ctrtCrst&openUrl=Y
2024090431538,기술용역,2024년 화성월문초 에듀테크 활용 교육 계약,2024-09-25,3102000,경기도교육청 경기도화성오산교육지원청 화성월문초등학교,화성월문초등학교,7679072,초등학교,경기도,https://www.g2b.go.kr/link/FIUA027_01/single/?ctrtNo=2024090D492_5&ctrtChgOrd=00&prcmBsneSeCd=조070003&srchName=ctrtCrst&openUrl=Y
2024090432619,기술용역,인천왕길초등학교 6학년 수업용 AI로봇코딩기기 대여 계약,2024-10-15,6264000,인천광역시교육청 인천광역시서부교육청 인천왕길초등학교,인천왕길초등학교,7361013,초등학교,인천광역시,https://www.g2b.go.kr/link/FIUA027_01/single/?ctrtNo=2024090D570_5&ctrtChgOrd=00&prcmBsneSeCd=조070003&srchName=ctrtCrst&openUrl=Y
2024090433845,기술용역,AI융합교육실 환경개선 건축 공사 설계 용역,2024-09-30,4688000,서울특별시교육청 서울과학고등학교,서울과학고등학교,7010084,고등학교,서울특별시,https://www.g2b.go.kr/link/FIUA027_01/single/?ctrtNo=2024090D680_5&ctrtChgOrd=00&prcmBsneSeCd=조070003&srchName=ctrtCrst&openUrl=Y
2024090442636,기술용역,2024학년도 인공지능(AI) 활용 수학점핑학교 프로그램 위탁 용역,2024-05-24,1200000,대구광역시교육청 대구광역시달성교육지원청 심인중학교,심인중학교,7281123,중학교,대구광역시,https://www.g2b.go.kr/link/FIUA027_01/single/?ctrtNo=2024090DD10_5&ctrtChgOrd=00&prcmBsneSeCd=조070003&srchName=ctrtCrst&openUrl=Y
2024090446835,기술용역,비즈쿨 인공지능 활용 창업체험 용역계약,2024-09-24,15000000,경기도교육청 한국디지털미디어고등학교,한국디지털미디어고등학교,7530560,고등학교,경기도,https://www.g2b.go.kr/link/FIUA027_01/single/?ctrtNo=2024090E134_5&ctrtChgOrd=00&prcmBsneSeCd=조070003&srchName=ctrtCrst&openUrl=Y
2024090447823,기술용역,디지털 자유 학기제 독서 플랫폼 구독,2024-09-24,7335900,경상북도영주교육청 영광중학교,영광중학교,8811064,중학교,경상북도,https://www.g2b.go.kr/link/FIUA027_01/single/?ctrtNo=2024090E312_5&ctrtChgOrd=00&prcmBsneSeCd=조070003&srchName=ctrtCrst&openUrl=Y
2024090471344,기술용역,성안한마당 AI 로봇 대여,,1600000,경기도교육청 경기도안산교육지원청 성안중학교,성안중학교,7611028,중학교,경기도,https://www.g2b.go.kr/link/FIUA027_01/single/?ctrtNo=2024090E799_5&ctrtChgOrd=00&prcmBsneSeCd=조070003&srchName=ctrtCrst&openUrl=Y
2024090472667,기술용역,SW-AI교육 채움교실 구축 설계 용역,2024-09-25,4009000,경상북도교육청 경북일고등학교,경북일고등학교,8750724,고등학교,경상북도,https://www.g2b.go.kr/link/FIUA027_01/single/?ctrtNo=2024090E906_5&ctrtChgOrd=00&prcmBsneSeCd=조070003&srchName=ctrtCrst&openUrl=Y
2024090473079,기술용역,전기에너지과 스마트 전기안전 AI센터,2024-09-26,1760000,서울특별시교육청 수도전기공업고등학교,수도전기공업고등학교,7010346,고등학교,서울특별시,https://www.g2b.go.kr/link/FIUA027_01/single/?ctrtNo=2024090E98E_5&ctrtChgOrd=00&prcmBsneSeCd=조070003&srchName=ctrtCrst&openUrl=Y
2024090474836,기술용역,대경중학교 넘나들이 공동교육과정 AI분야 현장체험학습 전세버스 임대차 계약,2024-09-26,750000,경기도포천교육청 대경중학교,대경중학교,7711004,중학교,경기도,https://www.g2b.go.kr/link/FIUA027_01/single/?ctrtNo=2024090EB81_5&ctrtChgOrd=00&prcmBsneSeCd=조070003&srchName=ctrtCrst&openUrl=Y
2024090478226,기술용역,2024학년도 원정초 디지털 창의역량 AI  코딩 교육프로그램 운영,2024-09-30,6400000,경기도평택교육청 원정초등학교,원정초등학교,7631047,초등학교,경기도,https://www.g2b.go.kr/link/FIUA027_01/single/?ctrtNo=2024090EDFC_5&ctrtChgOrd=00&prcmBsneSeCd=조070003&srchName=ctrtCrst&openUrl=Y
2024090478751,기술용역,AI 디지털 교육 및 문화 체험 버스임차,2024-09-25,9600000,경기도교육청 한국디지털미디어고등학교,한국디지털미디어고등학교,7530560,고등학교,경기도,https://www.g2b.go.kr/link/FIUA027_01/single/?ctrtNo=2024090EE9A_5&ctrtChgOrd=00&prcmBsneSeCd=조070003&srchName=ctrtCrst&openUrl=Y
2024090480103,기술용역,2024학년도 클래스팅AI러닝 서비스 용역 계약(사회),2024-09-26,3102000,경기도평택교육청 진위초등학교,진위초등학교,7631052,초등학교,경기도,https://www.g2b.go.kr/link/FIUA027_01/single/?ctrtNo=2024090F012_5&ctrtChgOrd=00&prcmBsneSeCd=조070003&srchName=ctrtCrst&openUrl=Y
2024090481804,기술용역,송정초 2024디지털 기반 선도학교  AI 코스웨어 구입 계약,,6204000,대구광역시동부교육청 대구송정초등학교,대구송정초등학교,7251079,초등학교,대구광역시,https://www.g2b.go.kr/link/FIUA027_01/single/?ctrtNo=2024090F24E_5&ctrtChgOrd=00&prcmBsneSeCd=조070003&srchName=ctrtCrst&openUrl=Y
2024090482278,기술용역,2024년 보광초 2학기 SW코딩교육 실시 용역,2024-09-26,3260000,서울특별시중부교육청 서울보광초등학교,서울보광초등학교,7061066,초등학교,서울특별시,https://www.g2b.go.kr/link/FIUA027_01/single/?ctrtNo=2024090F2CC_5&ctrtChgOrd=00&prcmBsneSeCd=조070003&srchName=ctrtCrst&openUrl=Y
2024090482889,기술용역,각화중학교 AI팩토리 구축 리모델링 공사 설계용역,2024-09-25,9834000,광주광역시교육청 광주광역시동부교육지원청 각화중학교,각화중학교,7392178,중학교,전남광주통합특별시(광주),https://www.g2b.go.kr/link/FIUA027_01/single/?ctrtNo=2024090F378_5&ctrtChgOrd=00&prcmBsneSeCd=조070003&srchName=ctrtCrst&openUrl=Y
2024090515105,기술용역,2024년 AI 교실 설계 완료에 따른 AI 교실 구축 공사 진행(건축공사 감리용역),2024-09-26,1360000,전라남도나주교육청 금성중학교,금성중학교,,,,https://www.g2b.go.kr/link/FIUA027_01/single/?ctrtNo=2024080E070_5&ctrtChgOrd=02&prcmBsneSeCd=조070003&srchName=ctrtCrst&openUrl=Y
2024090515115,기술용역,2024년 AI 교실 설계 완료에 따른 AI 교실 구축 공사 진행(전기공사 감리용역),2024-09-26,1800000,전라남도나주교육청 금성중학교,금성중학교,,,,https://www.g2b.go.kr/link/FIUA027_01/single/?ctrtNo=2024080DB71_5&ctrtChgOrd=02&prcmBsneSeCd=조070003&srchName=ctrtCrst&openUrl=Y
2024090519256,기술용역,2024  디지털 기반 교육혁신 선도학교 AI 코스웨어(4학년 전과목) 구입,2024-09-26,6204000,대구광역시동부교육청 대구송정초등학교,대구송정초등학교,7251079,초등학교,대구광역시,https://www.g2b.go.kr/link/FIUA027_01/single/?ctrtNo=2024080FEFD_5&ctrtChgOrd=01&prcmBsneSeCd=조070003&srchName=ctrtCrst&openUrl=Y
2024090526228,기술용역,광운인공지능고등학교 예체능부실 및 급식실 옥상방수공사 설계용역,2024-09-26,4100000,서울특별시교육청 광운인공지능고등학교,광운인공지능고등학교,7011505,고등학교,서울특별시,https://www.g2b.go.kr/link/FIUA027_01/single/?ctrtNo=2024091030A_5&ctrtChgOrd=00&prcmBsneSeCd=조070003&srchName=ctrtCrst&openUrl=Y
2024090526784,기술용역,2024학년도 인공지능으로 구현하는 지속가능경영가치 진로 프로그램,2024-10-07,2740000,경기도교육청 마장고등학교,마장고등학교,7530649,고등학교,경기도,https://www.g2b.go.kr/link/FIUA027_01/single/?ctrtNo=20240910375_5&ctrtChgOrd=00&prcmBsneSeCd=조070003&srchName=ctrtCrst&openUrl=Y
2024090559529,기술용역,[2023 학과재구조화] 홍보용 메타버스 제작 계약,2024-09-27,2000000,경기도교육청 세경고등학교,세경고등학교,7530947,고등학교,경기도,https://www.g2b.go.kr/link/FIUA027_01/single/?ctrtNo=20240910AA2_5&ctrtChgOrd=00&prcmBsneSeCd=조070003&srchName=ctrtCrst&openUrl=Y
2024090560482,기술용역,"인공지능 캠프 및 2,3학년 현장체험학습 전세버스 임차 용역",2024-10-07,7540000,충청남도공주교육청 봉황중학교,봉황중학교,8161008,중학교,충청남도,https://www.g2b.go.kr/link/FIUA027_01/single/?ctrtNo=20240910B5A_5&ctrtChgOrd=00&prcmBsneSeCd=조070003&srchName=ctrtCrst&openUrl=Y
2024090560651,기술용역,2024학년도 서울로봇인공지능과학관 체헉학습 버스 임차계약,2024-09-30,2310000,충청남도홍성교육청 홍주초등학교,홍주초등학교,8261041,초등학교,충청남도,https://www.g2b.go.kr/link/FIUA027_01/single/?ctrtNo=20240910B98_5&ctrtChgOrd=00&prcmBsneSeCd=조070003&srchName=ctrtCrst&openUrl=Y
2024090571955,기술용역,성보경영고 고교학점제 AI 인공지능 캠프 용역,2024-07-09,4598000,경기도교육청 성보경영고등학교,성보경영고등학교,7531054,고등학교,경기도,https://www.g2b.go.kr/link/FIUA027_01/single/?ctrtNo=20240911430_5&ctrtChgOrd=00&prcmBsneSeCd=조070003&srchName=ctrtCrst&openUrl=Y
2024090573841,기술용역,2024학년도 후반기 AI 코스웨어 사용 계약,2024-09-30,9480000,대구광역시달성교육청 대구반송초등학교,대구반송초등학교,7281020,초등학교,대구광역시,https://www.g2b.go.kr/link/FIUA027_01/single/?ctrtNo=20240911574_5&ctrtChgOrd=00&prcmBsneSeCd=조070003&srchName=ctrtCrst&openUrl=Y
2024090622388,기술용역,하성초 2024 에듀테크 진로체험 프로그램 용역 계약,2024-10-02,2100000,경기도김포교육청 하성초등학교,하성초등학교,7771035,초등학교,경기도,https://www.g2b.go.kr/link/FIUA027_01/single/?ctrtNo=2024091211A_5&ctrtChgOrd=00&prcmBsneSeCd=조070003&srchName=ctrtCrst&openUrl=Y
2024090622493,기술용역,오르조 클래스 소프트웨어 사용 계약,2024-09-30,8066300,서울특별시교육청 서울동구고등학교,서울동구고등학교,7011539,고등학교,서울특별시,https://www.g2b.go.kr/link/FIUA027_01/single/?ctrtNo=2024091215F_5&ctrtChgOrd=00&prcmBsneSeCd=조070003&srchName=ctrtCrst&openUrl=Y
2024090623040,기술용역,"인천당하초 AI융합실, 학부모커뮤니티실 구축공사 및 돌봄교실, 복도 환경개선공사 설계용역",2024-09-30,5225000,인천광역시서부교육청 인천당하초등학교,인천당하초등학교,7361032,초등학교,인천광역시,https://www.g2b.go.kr/link/FIUA027_01/single/?ctrtNo=20240912299_5&ctrtChgOrd=00&prcmBsneSeCd=조070003&srchName=ctrtCrst&openUrl=Y
2024090623043,기술용역,(변경)2024년 화성월문초 에듀테크 활용 교육 계약,2024-09-30,1320000,경기도교육청 경기도화성오산교육지원청 화성월문초등학교,화성월문초등학교,7679072,초등학교,경기도,https://www.g2b.go.kr/link/FIUA027_01/single/?ctrtNo=2024090D492_5&ctrtChgOrd=01&prcmBsneSeCd=조070003&srchName=ctrtCrst&openUrl=Y
2024090625057,기술용역,2024학년도 미래를 위한 과학 교육 프로그램(코딩교육) 용역 계약,2024-10-02,6300000,서울특별시남부교육청 서울영중초등학교,서울영중초등학교,7041153,초등학교,서울특별시,https://www.g2b.go.kr/link/FIUA027_01/single/?ctrtNo=202409126CC_5&ctrtChgOrd=00&prcmBsneSeCd=조070003&srchName=ctrtCrst&openUrl=Y
2024090625630,기술용역,2024 AI 정보교육 중심학교 학생 수송 차량 용역,2024-09-30,550000,울산광역시강북교육청 현대중학교,현대중학교,7491173,중학교,울산광역시,https://www.g2b.go.kr/link/FIUA027_01/single/?ctrtNo=202409127D0_5&ctrtChgOrd=00&prcmBsneSeCd=조070003&srchName=ctrtCrst&openUrl=Y
2024090626945,기술용역,성남미래교육 메타버스 생태전환교육 프로그램 계약,2024-10-02,6000000,경기도성남교육청 돌마초등학교,돌마초등학교,7551061,초등학교,경기도,https://www.g2b.go.kr/link/FIUA027_01/single/?ctrtNo=20240912A50_5&ctrtChgOrd=00&prcmBsneSeCd=조070003&srchName=ctrtCrst&openUrl=Y
